property,apartment_code,billing_month,units_consumed,unit_cost,amount,apt_avg_units,deviation_from_avg
Vista Heights,A11,Apr-23,0.00,11.50,0.0000,122.7,-122.7
Vista Heights,A11,Apr-24,0.00,11.00,0.0000,122.7,-122.7
Vista Heights,A11,Apr-25,0.00,11.50,0.0000,122.7,-122.7
Vista Heights,A11,Apr-26,539.20,11.50,6200.8000,122.7,416.5
Vista Heights,A11,Aug-23,0.00,11.00,0.0000,122.7,-122.7
Vista Heights,A11,Aug-24,0.00,11.50,0.0000,122.7,-122.7
Vista Heights,A11,Aug-25,261.40,11.50,3006.1000,122.7,138.7
Vista Heights,A11,Dec-24,0.00,11.50,0.0000,122.7,-122.7
Vista Heights,A11,Dec-25,236.00,11.50,2714.0000,122.7,113.3
Vista Heights,A11,Feb-24,0.00,11.00,0.0000,122.7,-122.7
Vista Heights,A11,Feb-25,0.00,11.50,0.0000,122.7,-122.7
Vista Heights,A11,Feb-26,303.10,11.50,3485.6500,122.7,180.4
Vista Heights,A11,Jan-24,0.00,11.00,0.0000,122.7,-122.7
Vista Heights,A11,Jan-25,0.00,11.50,0.0000,122.7,-122.7
Vista Heights,A11,Jan-26,194.40,11.50,2235.6000,122.7,71.7
Vista Heights,A11,Jul-23,65.90,11.00,724.9000,122.7,-56.8
Vista Heights,A11,Jul-24,0.00,11.50,0.0000,122.7,-122.7
Vista Heights,A11,Jul-25,0.00,11.50,0.0000,122.7,-122.7
Vista Heights,A11,Jun-23,0.00,11.00,0.0000,122.7,-122.7
Vista Heights,A11,Jun-24,0.00,11.00,0.0000,122.7,-122.7
Vista Heights,A11,Jun-25,0.00,11.50,0.0000,122.7,-122.7
Vista Heights,A11,Jun-26,641.90,11.50,7381.8500,122.7,519.2
Vista Heights,A11,Mar-24,0.00,11.00,0.0000,122.7,-122.7
Vista Heights,A11,Mar-25,0.00,11.50,0.0000,122.7,-122.7
Vista Heights,A11,Mar-26,505.40,11.50,5812.1000,122.7,382.7
Vista Heights,A11,May-23,0.00,11.00,0.0000,122.7,-122.7
Vista Heights,A11,May-24,0.00,11.00,0.0000,122.7,-122.7
Vista Heights,A11,May-25,0.00,11.50,0.0000,122.7,-122.7
Vista Heights,A11,May-26,650.60,11.50,7481.9000,122.7,527.9
Vista Heights,A11,Nov-23,0.00,11.00,0.0000,122.7,-122.7
Vista Heights,A11,Nov-24,0.00,11.50,0.0000,122.7,-122.7
Vista Heights,A11,Nov-25,406.10,11.50,4670.1500,122.7,283.4
Vista Heights,A11,Oct-23,0.00,11.00,0.0000,122.7,-122.7
Vista Heights,A11,Oct-24,0.00,11.50,0.0000,122.7,-122.7
Vista Heights,A11,Oct-25,404.70,11.50,4654.0500,122.7,282.0
Vista Heights,A11,Sep-23,0.00,11.00,0.0000,122.7,-122.7
Vista Heights,A11,Sep-24,0.00,11.50,0.0000,122.7,-122.7
Vista Heights,A11,Sep-25,454.10,11.50,5222.1500,122.7,331.4
Vista Heights,A12,Apr-23,0.00,11.50,0.0000,123.4,-123.4
Vista Heights,A12,Apr-24,0.00,11.00,0.0000,123.4,-123.4
Vista Heights,A12,Apr-25,0.00,11.50,0.0000,123.4,-123.4
Vista Heights,A12,Apr-26,555.70,11.50,6390.5500,123.4,432.3
Vista Heights,A12,Aug-23,12.30,11.00,135.3000,123.4,-111.1
Vista Heights,A12,Aug-24,0.00,11.50,0.0000,123.4,-123.4
Vista Heights,A12,Aug-25,478.30,11.50,5500.4500,123.4,354.9
Vista Heights,A12,Dec-24,0.00,11.50,0.0000,123.4,-123.4
Vista Heights,A12,Dec-25,174.40,11.50,2005.6000,123.4,51.0
Vista Heights,A12,Feb-24,0.00,11.00,0.0000,123.4,-123.4
Vista Heights,A12,Feb-25,0.00,11.50,0.0000,123.4,-123.4
Vista Heights,A12,Feb-26,360.70,11.50,4148.0500,123.4,237.3
Vista Heights,A12,Jan-24,0.00,11.00,0.0000,123.4,-123.4
Vista Heights,A12,Jan-25,0.00,11.50,0.0000,123.4,-123.4
Vista Heights,A12,Jan-26,300.50,11.50,3455.7500,123.4,177.1
Vista Heights,A12,Jul-23,154.00,11.00,1694.0000,123.4,30.6
Vista Heights,A12,Jul-24,0.00,11.50,0.0000,123.4,-123.4
Vista Heights,A12,Jul-25,0.00,11.50,0.0000,123.4,-123.4
Vista Heights,A12,Jun-23,0.00,11.00,0.0000,123.4,-123.4
Vista Heights,A12,Jun-24,0.00,11.00,0.0000,123.4,-123.4
Vista Heights,A12,Jun-25,0.00,11.50,0.0000,123.4,-123.4
Vista Heights,A12,Jun-26,608.90,11.50,7002.3500,123.4,485.5
Vista Heights,A12,Mar-24,0.00,11.00,0.0000,123.4,-123.4
Vista Heights,A12,Mar-25,0.00,11.50,0.0000,123.4,-123.4
Vista Heights,A12,Mar-26,380.40,11.50,4374.6000,123.4,257.0
Vista Heights,A12,May-23,0.00,11.00,0.0000,123.4,-123.4
Vista Heights,A12,May-24,0.00,11.00,0.0000,123.4,-123.4
Vista Heights,A12,May-25,0.00,11.50,0.0000,123.4,-123.4
Vista Heights,A12,May-26,705.60,11.50,8114.4000,123.4,582.2
Vista Heights,A12,Nov-23,0.00,11.00,0.0000,123.4,-123.4
Vista Heights,A12,Nov-24,0.00,11.50,0.0000,123.4,-123.4
Vista Heights,A12,Nov-25,250.10,11.50,2876.1500,123.4,126.7
Vista Heights,A12,Oct-23,0.00,11.00,0.0000,123.4,-123.4
Vista Heights,A12,Oct-24,0.00,11.50,0.0000,123.4,-123.4
Vista Heights,A12,Oct-25,324.10,11.50,3727.1500,123.4,200.7
Vista Heights,A12,Sep-23,0.00,11.00,0.0000,123.4,-123.4
Vista Heights,A12,Sep-24,0.00,11.50,0.0000,123.4,-123.4
Vista Heights,A12,Sep-25,385.00,11.50,4427.5000,123.4,261.6
Vista Heights,A22,Apr-23,0.00,11.50,0.0000,123.1,-123.1
Vista Heights,A22,Apr-24,0.00,11.00,0.0000,123.1,-123.1
Vista Heights,A22,Apr-25,0.00,11.50,0.0000,123.1,-123.1
Vista Heights,A22,Aug-23,69.40,11.00,763.4000,123.1,-53.7
Vista Heights,A22,Aug-24,0.00,11.50,0.0000,123.1,-123.1
Vista Heights,A22,Aug-25,1364.10,11.50,15687.1500,123.1,1241.0
Vista Heights,A22,Dec-24,0.00,11.50,0.0000,123.1,-123.1
Vista Heights,A22,Dec-25,337.50,11.50,3881.2500,123.1,214.4
Vista Heights,A22,Feb-24,0.00,11.00,0.0000,123.1,-123.1
Vista Heights,A22,Feb-25,0.00,11.50,0.0000,123.1,-123.1
Vista Heights,A22,Jan-24,0.00,11.00,0.0000,123.1,-123.1
Vista Heights,A22,Jan-25,0.00,11.50,0.0000,123.1,-123.1
Vista Heights,A22,Jul-23,1.00,11.00,11.0000,123.1,-122.1
Vista Heights,A22,Jul-24,0.00,11.50,0.0000,123.1,-123.1
Vista Heights,A22,Jul-25,0.00,11.50,0.0000,123.1,-123.1
Vista Heights,A22,Jun-23,510.00,11.00,5610.0000,123.1,386.9
Vista Heights,A22,Jun-24,0.00,11.00,0.0000,123.1,-123.1
Vista Heights,A22,Jun-25,0.00,11.50,0.0000,123.1,-123.1
Vista Heights,A22,Mar-24,0.00,11.00,0.0000,123.1,-123.1
Vista Heights,A22,Mar-25,0.00,11.50,0.0000,123.1,-123.1
Vista Heights,A22,May-23,0.00,11.00,0.0000,123.1,-123.1
Vista Heights,A22,May-24,0.00,11.00,0.0000,123.1,-123.1
Vista Heights,A22,May-25,0.00,11.50,0.0000,123.1,-123.1
Vista Heights,A22,Nov-23,0.00,11.00,0.0000,123.1,-123.1
Vista Heights,A22,Nov-24,0.00,11.50,0.0000,123.1,-123.1
Vista Heights,A22,Nov-25,570.40,11.50,6559.6000,123.1,447.3
Vista Heights,A22,Oct-23,0.00,11.00,0.0000,123.1,-123.1
Vista Heights,A22,Oct-24,0.00,11.50,0.0000,123.1,-123.1
Vista Heights,A22,Oct-25,523.40,11.50,6019.1000,123.1,400.3
Vista Heights,A22,Sep-23,0.00,11.00,0.0000,123.1,-123.1
Vista Heights,A22,Sep-24,0.00,11.50,0.0000,123.1,-123.1
Vista Heights,A22,Sep-25,564.10,11.50,6487.1500,123.1,441.0
Vista Heights,A23,Apr-23,1059.00,11.50,12178.5000,760.7,298.3
Vista Heights,A23,Apr-24,736.50,11.00,8101.5000,760.7,-24.2
Vista Heights,A23,Apr-25,1002.30,11.50,11526.4500,760.7,241.6
Vista Heights,A23,Apr-26,756.20,11.50,8696.3000,760.7,-4.5
Vista Heights,A23,Aug-23,638.20,11.00,7020.2000,760.7,-122.5
Vista Heights,A23,Aug-24,1127.00,11.50,12960.5000,760.7,366.3
Vista Heights,A23,Aug-25,792.30,11.50,9111.4500,760.7,31.6
Vista Heights,A23,Dec-24,701.50,11.50,8067.2500,760.7,-59.2
Vista Heights,A23,Dec-25,656.40,11.50,7548.6000,760.7,-104.3
Vista Heights,A23,Feb-24,543.60,11.00,5979.6000,760.7,-217.1
Vista Heights,A23,Feb-25,654.20,11.50,7523.3000,760.7,-106.5
Vista Heights,A23,Feb-26,793.20,11.50,9121.8000,760.7,32.5
Vista Heights,A23,Jan-24,294.30,11.00,3237.3000,760.7,-466.4
Vista Heights,A23,Jan-25,762.10,11.50,8764.1500,760.7,1.4
Vista Heights,A23,Jan-26,643.80,11.50,7403.7000,760.7,-116.9
Vista Heights,A23,Jul-23,439.80,11.00,4837.8000,760.7,-320.9
Vista Heights,A23,Jul-24,960.00,11.50,11040.0000,760.7,199.3
Vista Heights,A23,Jul-25,893.20,11.50,10271.8000,760.7,132.5
Vista Heights,A23,Jun-23,424.20,11.00,4666.2000,760.7,-336.5
Vista Heights,A23,Jun-24,605.00,11.00,6655.0000,760.7,-155.7
Vista Heights,A23,Jun-25,960.50,11.50,11045.7500,760.7,199.8
Vista Heights,A23,Jun-26,1088.70,11.50,12520.0500,760.7,328.0
Vista Heights,A23,Mar-24,632.90,11.00,6961.9000,760.7,-127.8
Vista Heights,A23,Mar-25,925.10,11.50,10638.6500,760.7,164.4
Vista Heights,A23,Mar-26,818.00,11.50,9407.0000,760.7,57.3
Vista Heights,A23,May-23,730.00,11.00,8030.0000,760.7,-30.7
Vista Heights,A23,May-24,792.00,11.00,8712.0000,760.7,31.3
Vista Heights,A23,May-25,921.30,11.50,10594.9500,760.7,160.6
Vista Heights,A23,May-26,958.10,11.50,11018.1500,760.7,197.4
Vista Heights,A23,Nov-23,142.90,11.00,1571.9000,760.7,-617.8
Vista Heights,A23,Nov-24,931.90,11.50,10716.8500,760.7,171.2
Vista Heights,A23,Nov-25,730.60,11.50,8401.9000,760.7,-30.1
Vista Heights,A23,Oct-23,706.60,11.00,7772.6000,760.7,-54.1
Vista Heights,A23,Oct-24,1149.10,11.50,13214.6500,760.7,388.4
Vista Heights,A23,Oct-25,600.00,11.50,6900.0000,760.7,-160.7
Vista Heights,A23,Sep-23,649.20,11.00,7141.2000,760.7,-111.5
Vista Heights,A23,Sep-24,1032.50,11.50,11873.7500,760.7,271.8
Vista Heights,A23,Sep-25,656.00,11.50,7544.0000,760.7,-104.7
Vista Heights,A24,Apr-23,486.00,11.50,5589.0000,645.0,-159.0
Vista Heights,A24,Apr-24,861.50,11.00,9476.5000,645.0,216.5
Vista Heights,A24,Apr-25,821.10,11.50,9442.6500,645.0,176.1
Vista Heights,A24,Apr-26,709.10,11.50,8154.6500,645.0,64.1
Vista Heights,A24,Aug-23,791.30,11.00,8704.3000,645.0,146.3
Vista Heights,A24,Aug-24,782.00,11.50,8993.0000,645.0,137.0
Vista Heights,A24,Aug-25,776.90,11.50,8934.3500,645.0,131.9
Vista Heights,A24,Dec-24,421.60,11.50,4848.4000,645.0,-223.4
Vista Heights,A24,Dec-25,272.40,11.50,3132.6000,645.0,-372.6
Vista Heights,A24,Feb-24,566.40,11.00,6230.4000,645.0,-78.6
Vista Heights,A24,Feb-25,515.90,11.50,5932.8500,645.0,-129.1
Vista Heights,A24,Feb-26,534.00,11.50,6141.0000,645.0,-111.0
Vista Heights,A24,Jan-24,334.50,11.00,3679.5000,645.0,-310.5
Vista Heights,A24,Jan-25,328.40,11.50,3776.6000,645.0,-316.6
Vista Heights,A24,Jan-26,294.80,11.50,3390.2000,645.0,-350.2
Vista Heights,A24,Jul-23,849.70,11.00,9346.7000,645.0,204.7
Vista Heights,A24,Jul-24,818.00,11.50,9407.0000,645.0,173.0
Vista Heights,A24,Jul-25,592.60,11.50,6814.9000,645.0,-52.4
Vista Heights,A24,Jun-23,499.90,11.00,5498.9000,645.0,-145.1
Vista Heights,A24,Jun-24,882.00,11.00,9702.0000,645.0,237.0
Vista Heights,A24,Jun-25,693.70,11.50,7977.5500,645.0,48.7
Vista Heights,A24,Jun-26,1140.40,11.50,13114.6000,645.0,495.4
Vista Heights,A24,Mar-24,799.40,11.00,8793.4000,645.0,154.4
Vista Heights,A24,Mar-25,759.90,11.50,8738.8500,645.0,114.9
Vista Heights,A24,Mar-26,636.40,11.50,7318.6000,645.0,-8.6
Vista Heights,A24,May-23,567.00,11.00,6237.0000,645.0,-78.0
Vista Heights,A24,May-24,898.00,11.00,9878.0000,645.0,253.0
Vista Heights,A24,May-25,661.90,11.50,7611.8500,645.0,16.9
Vista Heights,A24,May-26,1074.70,11.50,12359.0500,645.0,429.7
Vista Heights,A24,Nov-23,359.80,11.00,3957.8000,645.0,-285.2
Vista Heights,A24,Nov-24,579.80,11.50,6667.7000,645.0,-65.2
Vista Heights,A24,Nov-25,424.90,11.50,4886.3500,645.0,-220.1
Vista Heights,A24,Oct-23,397.90,11.00,4376.9000,645.0,-247.1
Vista Heights,A24,Oct-24,769.80,11.50,8852.7000,645.0,124.8
Vista Heights,A24,Oct-25,468.20,11.50,5384.3000,645.0,-176.8
Vista Heights,A24,Sep-23,886.10,11.00,9747.1000,645.0,241.1
Vista Heights,A24,Sep-24,572.90,11.50,6588.3500,645.0,-72.1
Vista Heights,A24,Sep-25,681.90,11.50,7841.8500,645.0,36.9
Vista Heights,A41,Apr-23,0.00,11.50,0.0000,1047.4,-1047.4
Vista Heights,A41,Apr-25,1245.50,11.50,14323.2500,1047.4,198.1
Vista Heights,A41,Apr-26,1358.00,11.50,15617.0000,1047.4,310.6
Vista Heights,A41,Aug-24,1352.00,11.50,15548.0000,1047.4,304.6
Vista Heights,A41,Aug-25,1081.30,11.50,12434.9500,1047.4,33.9
Vista Heights,A41,Dec-24,821.40,11.50,9446.1000,1047.4,-226.0
Vista Heights,A41,Dec-25,623.00,11.50,7164.5000,1047.4,-424.4
Vista Heights,A41,Feb-25,829.40,11.50,9538.1000,1047.4,-218.0
Vista Heights,A41,Feb-26,664.50,11.50,7641.7500,1047.4,-382.9
Vista Heights,A41,Jan-25,765.50,11.50,8803.2500,1047.4,-281.9
Vista Heights,A41,Jan-26,597.90,11.50,6875.8500,1047.4,-449.5
Vista Heights,A41,Jul-24,1523.00,11.50,17514.5000,1047.4,475.6
Vista Heights,A41,Jul-25,1246.10,11.50,14330.1500,1047.4,198.7
Vista Heights,A41,Jun-24,1556.00,11.00,17116.0000,1047.4,508.6
Vista Heights,A41,Jun-25,1484.80,11.50,17075.2000,1047.4,437.4
Vista Heights,A41,Jun-26,1302.60,11.50,14979.9000,1047.4,255.2
Vista Heights,A41,Mar-25,1182.50,11.50,13598.7500,1047.4,135.1
Vista Heights,A41,Mar-26,958.70,11.50,11025.0500,1047.4,-88.7
Vista Heights,A41,May-25,1370.40,11.50,15759.6000,1047.4,323.0
Vista Heights,A41,May-26,1318.40,11.50,15161.6000,1047.4,271.0
Vista Heights,A41,Nov-24,878.80,11.50,10106.2000,1047.4,-168.6
Vista Heights,A41,Nov-25,778.20,11.50,8949.3000,1047.4,-269.2
Vista Heights,A41,Oct-24,993.40,11.50,11424.1000,1047.4,-54.0
Vista Heights,A41,Oct-25,973.70,11.50,11197.5500,1047.4,-73.7
Vista Heights,A41,Sep-24,1237.50,11.50,14231.2500,1047.4,190.1
Vista Heights,A41,Sep-25,1089.10,11.50,12524.6500,1047.4,41.7
Vista Heights,A44,Apr-23,448.00,11.50,5152.0000,907.6,-459.6
Vista Heights,A44,Apr-24,1137.20,11.00,12509.2000,907.6,229.6
Vista Heights,A44,Apr-25,1432.40,11.50,16472.6000,907.6,524.8
Vista Heights,A44,Apr-26,1052.40,11.50,12102.6000,907.6,144.8
Vista Heights,A44,Aug-23,850.50,11.00,9355.5000,907.6,-57.1
Vista Heights,A44,Aug-24,1049.00,11.50,12063.5000,907.6,141.4
Vista Heights,A44,Aug-25,977.10,11.50,11236.6500,907.6,69.5
Vista Heights,A44,Dec-24,371.30,11.50,4269.9500,907.6,-536.3
Vista Heights,A44,Dec-25,564.30,11.50,6489.4500,907.6,-343.3
Vista Heights,A44,Feb-24,193.20,11.00,2125.2000,907.6,-714.4
Vista Heights,A44,Feb-25,771.20,11.50,8868.8000,907.6,-136.4
Vista Heights,A44,Feb-26,676.50,11.50,7779.7500,907.6,-231.1
Vista Heights,A44,Jan-24,468.30,11.00,5151.3000,907.6,-439.3
Vista Heights,A44,Jan-25,688.60,11.50,7918.9000,907.6,-219.0
Vista Heights,A44,Jan-26,535.30,11.50,6155.9500,907.6,-372.3
Vista Heights,A44,Jul-23,874.60,11.00,9620.6000,907.6,-33.0
Vista Heights,A44,Jul-24,848.00,11.50,9752.0000,907.6,-59.6
Vista Heights,A44,Jul-25,893.00,11.50,10269.5000,907.6,-14.6
Vista Heights,A44,Jun-23,965.90,11.00,10624.9000,907.6,58.3
Vista Heights,A44,Jun-24,1012.00,11.00,11132.0000,907.6,104.4
Vista Heights,A44,Jun-25,1311.50,11.50,15082.2500,907.6,403.9
Vista Heights,A44,Jun-26,1518.50,11.50,17462.7500,907.6,610.9
Vista Heights,A44,Mar-24,961.60,11.00,10577.6000,907.6,54.0
Vista Heights,A44,Mar-25,1213.70,11.50,13957.5500,907.6,306.1
Vista Heights,A44,Mar-26,945.80,11.50,10876.7000,907.6,38.2
Vista Heights,A44,May-23,1362.00,11.00,14982.0000,907.6,454.4
Vista Heights,A44,May-24,1222.00,11.00,13442.0000,907.6,314.4
Vista Heights,A44,May-25,1340.00,11.50,15410.0000,907.6,432.4
Vista Heights,A44,May-26,1183.00,11.50,13604.5000,907.6,275.4
Vista Heights,A44,Nov-23,696.80,11.00,7664.8000,907.6,-210.8
Vista Heights,A44,Nov-24,660.00,11.50,7590.0000,907.6,-247.6
Vista Heights,A44,Nov-25,783.90,11.50,9014.8500,907.6,-123.7
Vista Heights,A44,Oct-23,1028.20,11.00,11310.2000,907.6,120.6
Vista Heights,A44,Oct-24,683.70,11.50,7862.5500,907.6,-223.9
Vista Heights,A44,Oct-25,623.20,11.50,7166.8000,907.6,-284.4
Vista Heights,A44,Sep-23,959.00,11.00,10549.0000,907.6,51.4
Vista Heights,A44,Sep-24,1116.60,11.50,12840.9000,907.6,209.0
Vista Heights,A44,Sep-25,1069.90,11.50,12303.8500,907.6,162.3
Vista Heights,B11,Apr-23,374.00,11.50,4301.0000,763.6,-389.6
Vista Heights,B11,Apr-24,946.70,11.00,10413.7000,763.6,183.1
Vista Heights,B11,Apr-25,948.90,11.50,10912.3500,763.6,185.3
Vista Heights,B11,Apr-26,987.20,11.50,11352.8000,763.6,223.6
Vista Heights,B11,Aug-23,552.90,11.00,6081.9000,763.6,-210.7
Vista Heights,B11,Aug-24,882.00,11.50,10143.0000,763.6,118.4
Vista Heights,B11,Aug-25,730.70,11.50,8403.0500,763.6,-32.9
Vista Heights,B11,Dec-24,496.10,11.50,5705.1500,763.6,-267.5
Vista Heights,B11,Dec-25,546.80,11.50,6288.2000,763.6,-216.8
Vista Heights,B11,Feb-24,657.70,11.00,7234.7000,763.6,-105.9
Vista Heights,B11,Feb-25,574.30,11.50,6604.4500,763.6,-189.3
Vista Heights,B11,Feb-26,681.40,11.50,7836.1000,763.6,-82.2
Vista Heights,B11,Jan-24,455.10,11.00,5006.1000,763.6,-308.5
Vista Heights,B11,Jan-25,423.50,11.50,4870.2500,763.6,-340.1
Vista Heights,B11,Jan-26,627.10,11.50,7211.6500,763.6,-136.5
Vista Heights,B11,Jul-23,755.00,11.00,8305.0000,763.6,-8.6
Vista Heights,B11,Jul-24,704.00,11.50,8096.0000,763.6,-59.6
Vista Heights,B11,Jul-25,705.10,11.50,8108.6500,763.6,-58.5
Vista Heights,B11,Jun-23,716.10,11.00,7877.1000,763.6,-47.5
Vista Heights,B11,Jun-24,762.00,11.00,8382.0000,763.6,-1.6
Vista Heights,B11,Jun-25,910.30,11.50,10468.4500,763.6,146.7
Vista Heights,B11,Jun-26,1103.80,11.50,12693.7000,763.6,340.2
Vista Heights,B11,Mar-24,1002.70,11.00,11029.7000,763.6,239.1
Vista Heights,B11,Mar-25,838.60,11.50,9643.9000,763.6,75.0
Vista Heights,B11,Mar-26,1102.20,11.50,12675.3000,763.6,338.6
Vista Heights,B11,May-23,777.00,11.00,8547.0000,763.6,13.4
Vista Heights,B11,May-24,1004.00,11.00,11044.0000,763.6,240.4
Vista Heights,B11,May-25,997.70,11.50,11473.5500,763.6,234.1
Vista Heights,B11,May-26,1030.40,11.50,11849.6000,763.6,266.8
Vista Heights,B11,Nov-23,576.00,11.00,6336.0000,763.6,-187.6
Vista Heights,B11,Nov-24,658.50,11.50,7572.7500,763.6,-105.1
Vista Heights,B11,Nov-25,905.40,11.50,10412.1000,763.6,141.8
Vista Heights,B11,Oct-23,662.20,11.00,7284.2000,763.6,-101.4
Vista Heights,B11,Oct-24,702.50,11.50,8078.7500,763.6,-61.1
Vista Heights,B11,Oct-25,854.40,11.50,9825.6000,763.6,90.8
Vista Heights,B11,Sep-23,591.10,11.00,6502.1000,763.6,-172.5
Vista Heights,B11,Sep-24,869.00,11.50,9993.5000,763.6,105.4
Vista Heights,B11,Sep-25,906.00,11.50,10419.0000,763.6,142.4
Vista Heights,B12,Apr-23,542.00,11.50,6233.0000,665.8,-123.8
Vista Heights,B12,Apr-24,700.00,11.00,7700.0000,665.8,34.2
Vista Heights,B12,Apr-25,835.40,11.50,9607.1000,665.8,169.6
Vista Heights,B12,Apr-26,652.60,11.50,7504.9000,665.8,-13.2
Vista Heights,B12,Aug-23,852.50,11.00,9377.5000,665.8,186.7
Vista Heights,B12,Aug-24,981.00,11.50,11281.5000,665.8,315.2
Vista Heights,B12,Aug-25,632.70,11.50,7276.0500,665.8,-33.1
Vista Heights,B12,Dec-24,602.70,11.50,6931.0500,665.8,-63.1
Vista Heights,B12,Dec-25,503.00,11.50,5784.5000,665.8,-162.8
Vista Heights,B12,Feb-24,467.50,11.00,5142.5000,665.8,-198.3
Vista Heights,B12,Feb-25,644.60,11.50,7412.9000,665.8,-21.2
Vista Heights,B12,Feb-26,719.40,11.50,8273.1000,665.8,53.6
Vista Heights,B12,Jan-24,303.30,11.00,3336.3000,665.8,-362.5
Vista Heights,B12,Jan-25,473.60,11.50,5446.4000,665.8,-192.2
Vista Heights,B12,Jan-26,537.10,11.50,6176.6500,665.8,-128.7
Vista Heights,B12,Jul-23,632.60,11.00,6958.6000,665.8,-33.2
Vista Heights,B12,Jul-24,523.00,11.50,6014.5000,665.8,-142.8
Vista Heights,B12,Jul-25,892.10,11.50,10259.1500,665.8,226.3
Vista Heights,B12,Jun-23,625.50,11.00,6880.5000,665.8,-40.3
Vista Heights,B12,Jun-24,666.00,11.00,7326.0000,665.8,0.2
Vista Heights,B12,Jun-25,983.60,11.50,11311.4000,665.8,317.8
Vista Heights,B12,Jun-26,557.90,11.50,6415.8500,665.8,-107.9
Vista Heights,B12,Mar-24,686.30,11.00,7549.3000,665.8,20.5
Vista Heights,B12,Mar-25,776.70,11.50,8932.0500,665.8,110.9
Vista Heights,B12,Mar-26,949.00,11.50,10913.5000,665.8,283.2
Vista Heights,B12,May-23,1086.00,11.00,11946.0000,665.8,420.2
Vista Heights,B12,May-24,776.00,11.00,8536.0000,665.8,110.2
Vista Heights,B12,May-25,800.80,11.50,9209.2000,665.8,135.0
Vista Heights,B12,May-26,423.70,11.50,4872.5500,665.8,-242.1
Vista Heights,B12,Nov-23,387.70,11.00,4264.7000,665.8,-278.1
Vista Heights,B12,Nov-24,596.50,11.50,6859.7500,665.8,-69.3
Vista Heights,B12,Nov-25,540.30,11.50,6213.4500,665.8,-125.5
Vista Heights,B12,Oct-23,600.10,11.00,6601.1000,665.8,-65.7
Vista Heights,B12,Oct-24,624.10,11.50,7177.1500,665.8,-41.7
Vista Heights,B12,Oct-25,506.30,11.50,5822.4500,665.8,-159.5
Vista Heights,B12,Sep-23,648.70,11.00,7135.7000,665.8,-17.1
Vista Heights,B12,Sep-24,860.70,11.50,9898.0500,665.8,194.9
Vista Heights,B12,Sep-25,711.20,11.50,8178.8000,665.8,45.4
Vista Heights,B13,Apr-23,395.00,11.50,4542.5000,691.1,-296.1
Vista Heights,B13,Apr-24,856.10,11.00,9417.1000,691.1,165.0
Vista Heights,B13,Apr-25,1085.80,11.50,12486.7000,691.1,394.7
Vista Heights,B13,Apr-26,719.30,11.50,8271.9500,691.1,28.2
Vista Heights,B13,Aug-23,619.10,11.00,6810.1000,691.1,-72.0
Vista Heights,B13,Aug-24,580.00,11.50,6670.0000,691.1,-111.1
Vista Heights,B13,Aug-25,698.00,11.50,8027.0000,691.1,6.9
Vista Heights,B13,Dec-24,448.30,11.50,5155.4500,691.1,-242.8
Vista Heights,B13,Dec-25,275.10,11.50,3163.6500,691.1,-416.0
Vista Heights,B13,Feb-24,545.80,11.00,6003.8000,691.1,-145.3
Vista Heights,B13,Feb-25,729.20,11.50,8385.8000,691.1,38.1
Vista Heights,B13,Feb-26,485.30,11.50,5580.9500,691.1,-205.8
Vista Heights,B13,Jan-24,665.10,11.00,7316.1000,691.1,-26.0
Vista Heights,B13,Jan-25,514.80,11.50,5920.2000,691.1,-176.3
Vista Heights,B13,Jan-26,363.10,11.50,4175.6500,691.1,-328.0
Vista Heights,B13,Jul-23,564.90,11.00,6213.9000,691.1,-126.2
Vista Heights,B13,Jul-24,784.00,11.50,9016.0000,691.1,92.9
Vista Heights,B13,Jul-25,851.30,11.50,9789.9500,691.1,160.2
Vista Heights,B13,Jun-23,740.30,11.00,8143.3000,691.1,49.2
Vista Heights,B13,Jun-24,754.00,11.00,8294.0000,691.1,62.9
Vista Heights,B13,Jun-25,883.10,11.50,10155.6500,691.1,192.0
Vista Heights,B13,Jun-26,1006.50,11.50,11574.7500,691.1,315.4
Vista Heights,B13,Mar-24,871.60,11.00,9587.6000,691.1,180.5
Vista Heights,B13,Mar-25,856.20,11.50,9846.3000,691.1,165.1
Vista Heights,B13,Mar-26,584.50,11.50,6721.7500,691.1,-106.6
Vista Heights,B13,May-23,612.00,11.00,6732.0000,691.1,-79.1
Vista Heights,B13,May-24,1187.00,11.00,13057.0000,691.1,495.9
Vista Heights,B13,May-25,772.40,11.50,8882.6000,691.1,81.3
Vista Heights,B13,May-26,877.80,11.50,10094.7000,691.1,186.7
Vista Heights,B13,Nov-23,512.50,11.00,5637.5000,691.1,-178.6
Vista Heights,B13,Nov-24,540.70,11.50,6218.0500,691.1,-150.4
Vista Heights,B13,Nov-25,698.80,11.50,8036.2000,691.1,7.7
Vista Heights,B13,Oct-23,855.80,11.00,9413.8000,691.1,164.7
Vista Heights,B13,Oct-24,765.50,11.50,8803.2500,691.1,74.4
Vista Heights,B13,Oct-25,540.90,11.50,6220.3500,691.1,-150.2
Vista Heights,B13,Sep-23,590.20,11.00,6492.2000,691.1,-100.9
Vista Heights,B13,Sep-24,639.90,11.50,7358.8500,691.1,-51.2
Vista Heights,B13,Sep-25,790.10,11.50,9086.1500,691.1,99.0
Vista Heights,B14,Apr-23,405.00,11.50,4657.5000,400.6,4.4
Vista Heights,B14,Apr-24,389.00,11.00,4279.0000,400.6,-11.6
Vista Heights,B14,Apr-25,395.00,11.50,4542.5000,400.6,-5.6
Vista Heights,B14,Apr-26,470.70,11.50,5413.0500,400.6,70.1
Vista Heights,B14,Aug-23,464.70,11.00,5111.7000,400.6,64.1
Vista Heights,B14,Aug-24,552.00,11.50,6348.0000,400.6,151.4
Vista Heights,B14,Aug-25,505.70,11.50,5815.5500,400.6,105.1
Vista Heights,B14,Dec-24,200.30,11.50,2303.4500,400.6,-200.3
Vista Heights,B14,Dec-25,201.70,11.50,2319.5500,400.6,-198.9
Vista Heights,B14,Feb-24,212.70,11.00,2339.7000,400.6,-187.9
Vista Heights,B14,Feb-25,0.00,11.50,0.0000,400.6,-400.6
Vista Heights,B14,Feb-26,212.10,11.50,2439.1500,400.6,-188.5
Vista Heights,B14,Jan-24,178.10,11.00,1959.1000,400.6,-222.5
Vista Heights,B14,Jan-25,428.70,11.50,4930.0500,400.6,28.1
Vista Heights,B14,Jan-26,170.20,11.50,1957.3000,400.6,-230.4
Vista Heights,B14,Jul-23,316.90,11.00,3485.9000,400.6,-83.7
Vista Heights,B14,Jul-24,507.00,11.50,5830.5000,400.6,106.4
Vista Heights,B14,Jul-25,667.10,11.50,7671.6500,400.6,266.5
Vista Heights,B14,Jun-23,591.50,11.00,6506.5000,400.6,190.9
Vista Heights,B14,Jun-24,437.00,11.00,4807.0000,400.6,36.4
Vista Heights,B14,Jun-25,620.60,11.50,7136.9000,400.6,220.0
Vista Heights,B14,Jun-26,613.90,11.50,7059.8500,400.6,213.3
Vista Heights,B14,Mar-24,384.50,11.00,4229.5000,400.6,-16.1
Vista Heights,B14,Mar-25,239.80,11.50,2757.7000,400.6,-160.8
Vista Heights,B14,Mar-26,362.00,11.50,4163.0000,400.6,-38.6
Vista Heights,B14,May-23,680.00,11.00,7480.0000,400.6,279.4
Vista Heights,B14,May-24,411.00,11.00,4521.0000,400.6,10.4
Vista Heights,B14,May-25,502.30,11.50,5776.4500,400.6,101.7
Vista Heights,B14,May-26,519.10,11.50,5969.6500,400.6,118.5
Vista Heights,B14,Nov-23,203.80,11.00,2241.8000,400.6,-196.8
Vista Heights,B14,Nov-24,352.20,11.50,4050.3000,400.6,-48.4
Vista Heights,B14,Nov-25,265.20,11.50,3049.8000,400.6,-135.4
Vista Heights,B14,Oct-23,425.20,11.00,4677.2000,400.6,24.6
Vista Heights,B14,Oct-24,458.50,11.50,5272.7500,400.6,57.9
Vista Heights,B14,Oct-25,386.00,11.50,4439.0000,400.6,-14.6
Vista Heights,B14,Sep-23,409.80,11.00,4507.8000,400.6,9.2
Vista Heights,B14,Sep-24,509.30,11.50,5856.9500,400.6,108.7
Vista Heights,B14,Sep-25,574.20,11.50,6603.3000,400.6,173.6
Vista Heights,B22,Apr-23,0.00,11.50,0.0000,407.7,-407.7
Vista Heights,B22,Apr-24,460.00,11.00,5060.0000,407.7,52.3
Vista Heights,B22,Apr-25,434.00,11.50,4991.0000,407.7,26.3
Vista Heights,B22,Apr-26,362.60,11.50,4169.9000,407.7,-45.1
Vista Heights,B22,Aug-23,551.10,11.00,6062.1000,407.7,143.4
Vista Heights,B22,Aug-24,449.00,11.50,5163.5000,407.7,41.3
Vista Heights,B22,Aug-25,486.60,11.50,5595.9000,407.7,78.9
Vista Heights,B22,Dec-24,431.90,11.50,4966.8500,407.7,24.2
Vista Heights,B22,Dec-25,327.60,11.50,3767.4000,407.7,-80.1
Vista Heights,B22,Feb-24,518.30,11.00,5701.3000,407.7,110.6
Vista Heights,B22,Feb-25,348.30,11.50,4005.4500,407.7,-59.4
Vista Heights,B22,Feb-26,300.40,11.50,3454.6000,407.7,-107.3
Vista Heights,B22,Jan-24,345.40,11.00,3799.4000,407.7,-62.3
Vista Heights,B22,Jan-25,302.10,11.50,3474.1500,407.7,-105.6
Vista Heights,B22,Jan-26,313.90,11.50,3609.8500,407.7,-93.8
Vista Heights,B22,Jul-23,41.30,11.00,454.3000,407.7,-366.4
Vista Heights,B22,Jul-24,430.00,11.50,4945.0000,407.7,22.3
Vista Heights,B22,Jul-25,564.10,11.50,6487.1500,407.7,156.4
Vista Heights,B22,Jun-23,500.00,11.00,5500.0000,407.7,92.3
Vista Heights,B22,Jun-24,477.00,11.00,5247.0000,407.7,69.3
Vista Heights,B22,Jun-25,623.00,11.50,7164.5000,407.7,215.3
Vista Heights,B22,Jun-26,459.00,11.50,5278.5000,407.7,51.3
Vista Heights,B22,Mar-24,455.50,11.00,5010.5000,407.7,47.8
Vista Heights,B22,Mar-25,523.10,11.50,6015.6500,407.7,115.4
Vista Heights,B22,Mar-26,377.20,11.50,4337.8000,407.7,-30.5
Vista Heights,B22,May-23,0.00,11.00,0.0000,407.7,-407.7
Vista Heights,B22,May-24,561.00,11.00,6171.0000,407.7,153.3
Vista Heights,B22,May-25,522.60,11.50,6009.9000,407.7,114.9
Vista Heights,B22,May-26,428.00,11.50,4922.0000,407.7,20.3
Vista Heights,B22,Nov-23,487.10,11.00,5358.1000,407.7,79.4
Vista Heights,B22,Nov-24,297.40,11.50,3420.1000,407.7,-110.3
Vista Heights,B22,Nov-25,431.90,11.50,4966.8500,407.7,24.2
Vista Heights,B22,Oct-23,507.20,11.00,5579.2000,407.7,99.5
Vista Heights,B22,Oct-24,393.20,11.50,4521.8000,407.7,-14.5
Vista Heights,B22,Oct-25,390.60,11.50,4491.9000,407.7,-17.1
Vista Heights,B22,Sep-23,499.50,11.00,5494.5000,407.7,91.8
Vista Heights,B22,Sep-24,423.70,11.50,4872.5500,407.7,16.0
Vista Heights,B22,Sep-25,469.90,11.50,5403.8500,407.7,62.2
Vista Heights,B24,Apr-23,412.00,11.50,4738.0000,700.8,-288.8
Vista Heights,B24,Apr-24,687.10,11.00,7558.1000,700.8,-13.7
Vista Heights,B24,Apr-25,769.20,11.50,8845.8000,700.8,68.4
Vista Heights,B24,Apr-26,617.30,11.50,7098.9500,700.8,-83.5
Vista Heights,B24,Aug-23,777.30,11.00,8550.3000,700.8,76.5
Vista Heights,B24,Aug-24,881.00,11.50,10131.5000,700.8,180.2
Vista Heights,B24,Aug-25,878.50,11.50,10102.7500,700.8,177.7
Vista Heights,B24,Dec-24,57.90,11.50,665.8500,700.8,-642.9
Vista Heights,B24,Dec-25,396.20,11.50,4556.3000,700.8,-304.6
Vista Heights,B24,Feb-24,434.20,11.00,4776.2000,700.8,-266.6
Vista Heights,B24,Feb-25,312.10,11.50,3589.1500,700.8,-388.7
Vista Heights,B24,Feb-26,434.90,11.50,5001.3500,700.8,-265.9
Vista Heights,B24,Jan-24,428.30,11.00,4711.3000,700.8,-272.5
Vista Heights,B24,Jan-25,271.10,11.50,3117.6500,700.8,-429.7
Vista Heights,B24,Jan-26,302.30,11.50,3476.4500,700.8,-398.5
Vista Heights,B24,Jul-23,632.10,11.00,6953.1000,700.8,-68.7
Vista Heights,B24,Jul-24,910.00,11.50,10465.0000,700.8,209.2
Vista Heights,B24,Jul-25,1219.90,11.50,14028.8500,700.8,519.1
Vista Heights,B24,Jun-23,808.40,11.00,8892.4000,700.8,107.6
Vista Heights,B24,Jun-24,929.00,11.00,10219.0000,700.8,228.2
Vista Heights,B24,Jun-25,1219.70,11.50,14026.5500,700.8,518.9
Vista Heights,B24,Jun-26,1113.70,11.50,12807.5500,700.8,412.9
Vista Heights,B24,Mar-24,540.30,11.00,5943.3000,700.8,-160.5
Vista Heights,B24,Mar-25,658.20,11.50,7569.3000,700.8,-42.6
Vista Heights,B24,Mar-26,696.90,11.50,8014.3500,700.8,-3.9
Vista Heights,B24,May-23,629.00,11.00,6919.0000,700.8,-71.8
Vista Heights,B24,May-24,881.00,11.00,9691.0000,700.8,180.2
Vista Heights,B24,May-25,1129.70,11.50,12991.5500,700.8,428.9
Vista Heights,B24,May-26,1090.80,11.50,12544.2000,700.8,390.0
Vista Heights,B24,Nov-23,478.20,11.00,5260.2000,700.8,-222.6
Vista Heights,B24,Nov-24,905.90,11.50,10417.8500,700.8,205.1
Vista Heights,B24,Nov-25,617.40,11.50,7100.1000,700.8,-83.4
Vista Heights,B24,Oct-23,751.10,11.00,8262.1000,700.8,50.3
Vista Heights,B24,Oct-24,601.20,11.50,6913.8000,700.8,-99.6
Vista Heights,B24,Oct-25,902.10,11.50,10374.1500,700.8,201.3
Vista Heights,B24,Sep-23,664.30,11.00,7307.3000,700.8,-36.5
Vista Heights,B24,Sep-24,624.40,11.50,7180.6000,700.8,-76.4
Vista Heights,B24,Sep-25,966.70,11.50,11117.0500,700.8,265.9
Vista Heights,B31,Apr-23,0.00,11.50,0.0000,250.5,-250.5
Vista Heights,B31,Apr-25,553.00,11.50,6359.5000,250.5,302.5
Vista Heights,B31,Apr-26,261.10,11.50,3002.6500,250.5,10.6
Vista Heights,B31,Aug-24,0.00,11.50,0.0000,250.5,-250.5
Vista Heights,B31,Aug-25,336.80,11.50,3873.2000,250.5,86.3
Vista Heights,B31,Dec-24,256.70,11.50,2952.0500,250.5,6.2
Vista Heights,B31,Dec-25,137.70,11.50,1583.5500,250.5,-112.8
Vista Heights,B31,Feb-25,275.70,11.50,3170.5500,250.5,25.2
Vista Heights,B31,Feb-26,184.10,11.50,2117.1500,250.5,-66.4
Vista Heights,B31,Jan-25,206.20,11.50,2371.3000,250.5,-44.3
Vista Heights,B31,Jan-26,152.50,11.50,1753.7500,250.5,-98.0
Vista Heights,B31,Jul-25,409.90,11.50,4713.8500,250.5,159.4
Vista Heights,B31,Jun-25,555.50,11.50,6388.2500,250.5,305.0
Vista Heights,B31,Jun-26,197.60,11.50,2272.4000,250.5,-52.9
Vista Heights,B31,Mar-25,423.00,11.50,4864.5000,250.5,172.5
Vista Heights,B31,Mar-26,209.00,11.50,2403.5000,250.5,-41.5
Vista Heights,B31,May-25,476.60,11.50,5480.9000,250.5,226.1
Vista Heights,B31,May-26,170.80,11.50,1964.2000,250.5,-79.7
Vista Heights,B31,Nov-24,270.70,11.50,3113.0500,250.5,20.2
Vista Heights,B31,Nov-25,204.30,11.50,2349.4500,250.5,-46.2
Vista Heights,B31,Oct-24,96.00,11.50,1104.0000,250.5,-154.5
Vista Heights,B31,Oct-25,205.20,11.50,2359.8000,250.5,-45.3
Vista Heights,B31,Sep-24,0.00,11.50,0.0000,250.5,-250.5
Vista Heights,B31,Sep-25,429.60,11.50,4940.4000,250.5,179.1
Vista Heights,B32,Apr-23,632.00,11.50,7268.0000,776.2,-144.2
Vista Heights,B32,Apr-24,744.60,11.00,8190.6000,776.2,-31.6
Vista Heights,B32,Apr-25,635.10,11.50,7303.6500,776.2,-141.1
Vista Heights,B32,Apr-26,937.70,11.50,10783.5500,776.2,161.5
Vista Heights,B32,Aug-23,677.80,11.00,7455.8000,776.2,-98.4
Vista Heights,B32,Aug-24,792.00,11.50,9108.0000,776.2,15.8
Vista Heights,B32,Aug-25,820.80,11.50,9439.2000,776.2,44.6
Vista Heights,B32,Dec-24,716.30,11.50,8237.4500,776.2,-59.9
Vista Heights,B32,Dec-25,589.00,11.50,6773.5000,776.2,-187.2
Vista Heights,B32,Feb-24,887.10,11.00,9758.1000,776.2,110.9
Vista Heights,B32,Feb-25,579.00,11.50,6658.5000,776.2,-197.2
Vista Heights,B32,Feb-26,685.30,11.50,7880.9500,776.2,-90.9
Vista Heights,B32,Jan-24,829.00,11.00,9119.0000,776.2,52.8
Vista Heights,B32,Jan-25,672.10,11.50,7729.1500,776.2,-104.1
Vista Heights,B32,Jan-26,660.70,11.50,7598.0500,776.2,-115.5
Vista Heights,B32,Jul-23,734.00,11.00,8074.0000,776.2,-42.2
Vista Heights,B32,Jul-24,871.00,11.50,10016.5000,776.2,94.8
Vista Heights,B32,Jul-25,842.40,11.50,9687.6000,776.2,66.2
Vista Heights,B32,Jun-23,895.20,11.00,9847.2000,776.2,119.0
Vista Heights,B32,Jun-24,831.00,11.00,9141.0000,776.2,54.8
Vista Heights,B32,Jun-25,838.30,11.50,9640.4500,776.2,62.1
Vista Heights,B32,Jun-26,986.40,11.50,11343.6000,776.2,210.2
Vista Heights,B32,Mar-24,961.00,11.00,10571.0000,776.2,184.8
Vista Heights,B32,Mar-25,681.80,11.50,7840.7000,776.2,-94.4
Vista Heights,B32,Mar-26,760.40,11.50,8744.6000,776.2,-15.8
Vista Heights,B32,May-23,683.00,11.00,7513.0000,776.2,-93.2
Vista Heights,B32,May-24,977.00,11.00,10747.0000,776.2,200.8
Vista Heights,B32,May-25,735.40,11.50,8457.1000,776.2,-40.8
Vista Heights,B32,May-26,1015.50,11.50,11678.2500,776.2,239.3
Vista Heights,B32,Nov-23,772.50,11.00,8497.5000,776.2,-3.7
Vista Heights,B32,Nov-24,759.80,11.50,8737.7000,776.2,-16.4
Vista Heights,B32,Nov-25,641.20,11.50,7373.8000,776.2,-135.0
Vista Heights,B32,Oct-23,979.60,11.00,10775.6000,776.2,203.4
Vista Heights,B32,Oct-24,767.90,11.50,8830.8500,776.2,-8.3
Vista Heights,B32,Oct-25,532.20,11.50,6120.3000,776.2,-244.0
Vista Heights,B32,Sep-23,918.50,11.00,10103.5000,776.2,142.3
Vista Heights,B32,Sep-24,649.60,11.50,7470.4000,776.2,-126.6
Vista Heights,B32,Sep-25,804.10,11.50,9247.1500,776.2,27.9
Vista Heights,B33,Apr-23,420.00,11.50,4830.0000,785.5,-365.5
Vista Heights,B33,Apr-24,1084.60,11.00,11930.6000,785.5,299.1
Vista Heights,B33,Apr-25,939.50,11.50,10804.2500,785.5,154.0
Vista Heights,B33,Apr-26,612.30,11.50,7041.4500,785.5,-173.2
Vista Heights,B33,Aug-23,1001.40,11.00,11015.4000,785.5,215.9
Vista Heights,B33,Aug-24,714.00,11.50,8211.0000,785.5,-71.5
Vista Heights,B33,Aug-25,664.30,11.50,7639.4500,785.5,-121.2
Vista Heights,B33,Dec-24,598.40,11.50,6881.6000,785.5,-187.1
Vista Heights,B33,Dec-25,382.20,11.50,4395.3000,785.5,-403.3
Vista Heights,B33,Feb-24,514.80,11.00,5662.8000,785.5,-270.7
Vista Heights,B33,Feb-25,785.60,11.50,9034.4000,785.5,0.1
Vista Heights,B33,Feb-26,463.80,11.50,5333.7000,785.5,-321.7
Vista Heights,B33,Jan-24,563.00,11.00,6193.0000,785.5,-222.5
Vista Heights,B33,Jan-25,592.90,11.50,6818.3500,785.5,-192.6
Vista Heights,B33,Jan-26,402.80,11.50,4632.2000,785.5,-382.7
Vista Heights,B33,Jul-23,967.20,11.00,10639.2000,785.5,181.7
Vista Heights,B33,Jul-24,970.00,11.50,11155.0000,785.5,184.5
Vista Heights,B33,Jul-25,797.80,11.50,9174.7000,785.5,12.3
Vista Heights,B33,Jun-23,844.40,11.00,9288.4000,785.5,58.9
Vista Heights,B33,Jun-24,1233.00,11.00,13563.0000,785.5,447.5
Vista Heights,B33,Jun-25,942.20,11.50,10835.3000,785.5,156.7
Vista Heights,B33,Jun-26,923.70,11.50,10622.5500,785.5,138.2
Vista Heights,B33,Mar-24,888.40,11.00,9772.4000,785.5,102.9
Vista Heights,B33,Mar-25,993.70,11.50,11427.5500,785.5,208.2
Vista Heights,B33,Mar-26,570.10,11.50,6556.1500,785.5,-215.4
Vista Heights,B33,May-23,553.00,11.00,6083.0000,785.5,-232.5
Vista Heights,B33,May-24,1202.00,11.00,13222.0000,785.5,416.5
Vista Heights,B33,May-25,1038.80,11.50,11946.2000,785.5,253.3
Vista Heights,B33,May-26,837.60,11.50,9632.4000,785.5,52.1
Vista Heights,B33,Nov-23,849.20,11.00,9341.2000,785.5,63.7
Vista Heights,B33,Nov-24,736.70,11.50,8472.0500,785.5,-48.8
Vista Heights,B33,Nov-25,448.50,11.50,5157.7500,785.5,-337.0
Vista Heights,B33,Oct-23,1126.00,11.00,12386.0000,785.5,340.5
Vista Heights,B33,Oct-24,910.70,11.50,10473.0500,785.5,125.2
Vista Heights,B33,Oct-25,585.00,11.50,6727.5000,785.5,-200.5
Vista Heights,B33,Sep-23,979.00,11.00,10769.0000,785.5,193.5
Vista Heights,B33,Sep-24,923.40,11.50,10619.1000,785.5,137.9
Vista Heights,B33,Sep-25,788.30,11.50,9065.4500,785.5,2.8
Vista Heights,B34,Apr-23,501.00,11.50,5761.5000,641.3,-140.3
Vista Heights,B34,Apr-24,577.00,11.00,6347.0000,641.3,-64.3
Vista Heights,B34,Apr-25,948.90,11.50,10912.3500,641.3,307.6
Vista Heights,B34,Apr-26,933.00,11.50,10729.5000,641.3,291.7
Vista Heights,B34,Aug-23,671.40,11.00,7385.4000,641.3,30.1
Vista Heights,B34,Aug-24,800.00,11.50,9200.0000,641.3,158.7
Vista Heights,B34,Aug-25,605.20,11.50,6959.8000,641.3,-36.1
Vista Heights,B34,Dec-24,462.30,11.50,5316.4500,641.3,-179.0
Vista Heights,B34,Dec-25,183.60,11.50,2111.4000,641.3,-457.7
Vista Heights,B34,Feb-24,461.20,11.00,5073.2000,641.3,-180.1
Vista Heights,B34,Feb-25,458.40,11.50,5271.6000,641.3,-182.9
Vista Heights,B34,Feb-26,565.30,11.50,6500.9500,641.3,-76.0
Vista Heights,B34,Jan-24,358.40,11.00,3942.4000,641.3,-282.9
Vista Heights,B34,Jan-25,458.10,11.50,5268.1500,641.3,-183.2
Vista Heights,B34,Jan-26,335.80,11.50,3861.7000,641.3,-305.5
Vista Heights,B34,Jul-23,563.40,11.00,6197.4000,641.3,-77.9
Vista Heights,B34,Jul-24,567.00,11.50,6520.5000,641.3,-74.3
Vista Heights,B34,Jul-25,708.10,11.50,8143.1500,641.3,66.8
Vista Heights,B34,Jun-23,649.20,11.00,7141.2000,641.3,7.9
Vista Heights,B34,Jun-24,781.00,11.00,8591.0000,641.3,139.7
Vista Heights,B34,Jun-25,870.70,11.50,10013.0500,641.3,229.4
Vista Heights,B34,Jun-26,851.10,11.50,9787.6500,641.3,209.8
Vista Heights,B34,Mar-24,539.90,11.00,5938.9000,641.3,-101.4
Vista Heights,B34,Mar-25,821.40,11.50,9446.1000,641.3,180.1
Vista Heights,B34,Mar-26,858.50,11.50,9872.7500,641.3,217.2
Vista Heights,B34,May-23,621.00,11.00,6831.0000,641.3,-20.3
Vista Heights,B34,May-24,817.00,11.00,8987.0000,641.3,175.7
Vista Heights,B34,May-25,932.50,11.50,10723.7500,641.3,291.2
Vista Heights,B34,May-26,935.90,11.50,10762.8500,641.3,294.6
Vista Heights,B34,Nov-23,461.70,11.00,5078.7000,641.3,-179.6
Vista Heights,B34,Nov-24,577.30,11.50,6638.9500,641.3,-64.0
Vista Heights,B34,Nov-25,474.70,11.50,5459.0500,641.3,-166.6
Vista Heights,B34,Oct-23,646.50,11.00,7111.5000,641.3,5.2
Vista Heights,B34,Oct-24,739.00,11.50,8498.5000,641.3,97.7
Vista Heights,B34,Oct-25,622.40,11.50,7157.6000,641.3,-18.9
Vista Heights,B34,Sep-23,598.30,11.00,6581.3000,641.3,-43.0
Vista Heights,B34,Sep-24,744.40,11.50,8560.6000,641.3,103.1
Vista Heights,B34,Sep-25,667.80,11.50,7679.7000,641.3,26.5
Vista Heights,B41,Apr-23,880.00,11.50,10120.0000,936.5,-56.5
Vista Heights,B41,Apr-24,1556.20,11.00,17118.2000,936.5,619.7
Vista Heights,B41,Apr-25,1029.30,11.50,11836.9500,936.5,92.8
Vista Heights,B41,Apr-26,963.70,11.50,11082.5500,936.5,27.2
Vista Heights,B41,Aug-23,862.10,11.00,9483.1000,936.5,-74.4
Vista Heights,B41,Aug-24,1194.00,11.50,13731.0000,936.5,257.5
Vista Heights,B41,Aug-25,880.90,11.50,10130.3500,936.5,-55.6
Vista Heights,B41,Dec-24,622.70,11.50,7161.0500,936.5,-313.8
Vista Heights,B41,Dec-25,361.30,11.50,4154.9500,936.5,-575.2
Vista Heights,B41,Feb-24,869.50,11.00,9564.5000,936.5,-67.0
Vista Heights,B41,Feb-25,650.70,11.50,7483.0500,936.5,-285.8
Vista Heights,B41,Feb-26,387.10,11.50,4451.6500,936.5,-549.4
Vista Heights,B41,Jan-24,591.90,11.00,6510.9000,936.5,-344.6
Vista Heights,B41,Jan-25,761.60,11.50,8758.4000,936.5,-174.9
Vista Heights,B41,Jan-26,371.70,11.50,4274.5500,936.5,-564.8
Vista Heights,B41,Jul-23,1076.60,11.00,11842.6000,936.5,140.1
Vista Heights,B41,Jul-24,1350.00,11.50,15525.0000,936.5,413.5
Vista Heights,B41,Jul-25,961.60,11.50,11058.4000,936.5,25.1
Vista Heights,B41,Jun-23,1232.90,11.00,13561.9000,936.5,296.4
Vista Heights,B41,Jun-24,1554.00,11.00,17094.0000,936.5,617.5
Vista Heights,B41,Jun-25,599.50,11.50,6894.2500,936.5,-337.0
Vista Heights,B41,Jun-26,1249.60,11.50,14370.4000,936.5,313.1
Vista Heights,B41,Mar-24,1097.60,11.00,12073.6000,936.5,161.1
Vista Heights,B41,Mar-25,1043.20,11.50,11996.8000,936.5,106.7
Vista Heights,B41,Mar-26,663.00,11.50,7624.5000,936.5,-273.5
Vista Heights,B41,May-23,1067.00,11.00,11737.0000,936.5,130.5
Vista Heights,B41,May-24,1617.00,11.00,17787.0000,936.5,680.5
Vista Heights,B41,May-25,639.50,11.50,7354.2500,936.5,-297.0
Vista Heights,B41,May-26,1314.90,11.50,15121.3500,936.5,378.4
Vista Heights,B41,Nov-23,581.20,11.00,6393.2000,936.5,-355.3
Vista Heights,B41,Nov-24,665.80,11.50,7656.7000,936.5,-270.7
Vista Heights,B41,Nov-25,587.20,11.50,6752.8000,936.5,-349.3
Vista Heights,B41,Oct-23,1051.50,11.00,11566.5000,936.5,115.0
Vista Heights,B41,Oct-24,1224.20,11.50,14078.3000,936.5,287.7
Vista Heights,B41,Oct-25,777.00,11.50,8935.5000,936.5,-159.5
Vista Heights,B41,Sep-23,997.10,11.00,10968.1000,936.5,60.6
Vista Heights,B41,Sep-24,1335.70,11.50,15360.5500,936.5,399.2
Vista Heights,B41,Sep-25,919.20,11.50,10570.8000,936.5,-17.3
Vista Heights,B42,Apr-23,708.00,11.50,8142.0000,832.9,-124.9
Vista Heights,B42,Apr-24,843.70,11.00,9280.7000,832.9,10.8
Vista Heights,B42,Apr-25,1223.20,11.50,14066.8000,832.9,390.3
Vista Heights,B42,Apr-26,1045.70,11.50,12025.5500,832.9,212.8
Vista Heights,B42,Aug-23,727.90,11.00,8006.9000,832.9,-105.0
Vista Heights,B42,Aug-24,961.00,11.50,11051.5000,832.9,128.1
Vista Heights,B42,Aug-25,959.10,11.50,11029.6500,832.9,126.2
Vista Heights,B42,Dec-24,530.70,11.50,6103.0500,832.9,-302.2
Vista Heights,B42,Dec-25,434.50,11.50,4996.7500,832.9,-398.4
Vista Heights,B42,Feb-24,663.10,11.00,7294.1000,832.9,-169.8
Vista Heights,B42,Feb-25,691.40,11.50,7951.1000,832.9,-141.5
Vista Heights,B42,Feb-26,772.60,11.50,8884.9000,832.9,-60.3
Vista Heights,B42,Jan-24,414.00,11.00,4554.0000,832.9,-418.9
Vista Heights,B42,Jan-25,641.60,11.50,7378.4000,832.9,-191.3
Vista Heights,B42,Jan-26,431.10,11.50,4957.6500,832.9,-401.8
Vista Heights,B42,Jul-23,653.50,11.00,7188.5000,832.9,-179.4
Vista Heights,B42,Jul-24,778.00,11.50,8947.0000,832.9,-54.9
Vista Heights,B42,Jul-25,1232.40,11.50,14172.6000,832.9,399.5
Vista Heights,B42,Jun-23,844.80,11.00,9292.8000,832.9,11.9
Vista Heights,B42,Jun-24,936.00,11.00,10296.0000,832.9,103.1
Vista Heights,B42,Jun-25,1325.80,11.50,15246.7000,832.9,492.9
Vista Heights,B42,Jun-26,1361.00,11.50,15651.5000,832.9,528.1
Vista Heights,B42,Mar-24,753.10,11.00,8284.1000,832.9,-79.8
Vista Heights,B42,Mar-25,936.20,11.50,10766.3000,832.9,103.3
Vista Heights,B42,Mar-26,832.40,11.50,9572.6000,832.9,-0.5
Vista Heights,B42,May-23,870.00,11.00,9570.0000,832.9,37.1
Vista Heights,B42,May-24,1174.00,11.00,12914.0000,832.9,341.1
Vista Heights,B42,May-25,1278.30,11.50,14700.4500,832.9,445.4
Vista Heights,B42,May-26,1295.20,11.50,14894.8000,832.9,462.3
Vista Heights,B42,Nov-23,463.80,11.00,5101.8000,832.9,-369.1
Vista Heights,B42,Nov-24,611.80,11.50,7035.7000,832.9,-221.1
Vista Heights,B42,Nov-25,859.50,11.50,9884.2500,832.9,26.6
Vista Heights,B42,Oct-23,778.60,11.00,8564.6000,832.9,-54.3
Vista Heights,B42,Oct-24,766.40,11.50,8813.6000,832.9,-66.5
Vista Heights,B42,Oct-25,344.00,11.50,3956.0000,832.9,-488.9
Vista Heights,B42,Sep-23,754.00,11.00,8294.0000,832.9,-78.9
Vista Heights,B42,Sep-24,912.10,11.50,10489.1500,832.9,79.2
Vista Heights,B42,Sep-25,840.60,11.50,9666.9000,832.9,7.7
Vista Heights,B43,Apr-23,444.00,11.50,5106.0000,752.1,-308.1
Vista Heights,B43,Apr-24,908.00,11.00,9988.0000,752.1,156.0
Vista Heights,B43,Apr-25,959.80,11.50,11037.7000,752.1,207.8
Vista Heights,B43,Apr-26,806.60,11.50,9275.9000,752.1,54.6
Vista Heights,B43,Aug-23,828.50,11.00,9113.5000,752.1,76.5
Vista Heights,B43,Aug-24,967.00,11.50,11120.5000,752.1,215.0
Vista Heights,B43,Aug-25,576.80,11.50,6633.2000,752.1,-175.3
Vista Heights,B43,Dec-24,486.30,11.50,5592.4500,752.1,-265.8
Vista Heights,B43,Dec-25,245.70,11.50,2825.5500,752.1,-506.4
Vista Heights,B43,Feb-24,837.30,11.00,9210.3000,752.1,85.3
Vista Heights,B43,Feb-25,548.90,11.50,6312.3500,752.1,-203.2
Vista Heights,B43,Feb-26,442.00,11.50,5083.0000,752.1,-310.1
Vista Heights,B43,Jan-24,614.10,11.00,6755.1000,752.1,-138.0
Vista Heights,B43,Jan-25,479.20,11.50,5510.8000,752.1,-272.9
Vista Heights,B43,Jan-26,372.80,11.50,4287.2000,752.1,-379.3
Vista Heights,B43,Jul-23,849.40,11.00,9343.4000,752.1,97.4
Vista Heights,B43,Jul-24,1049.00,11.50,12063.5000,752.1,297.0
Vista Heights,B43,Jul-25,685.50,11.50,7883.2500,752.1,-66.6
Vista Heights,B43,Jun-23,754.90,11.00,8303.9000,752.1,2.9
Vista Heights,B43,Jun-24,716.00,11.00,7876.0000,752.1,-36.1
Vista Heights,B43,Jun-25,765.40,11.50,8802.1000,752.1,13.4
Vista Heights,B43,Jun-26,651.00,11.50,7486.5000,752.1,-101.1
Vista Heights,B43,Mar-24,1073.60,11.00,11809.6000,752.1,321.6
Vista Heights,B43,Mar-25,1018.90,11.50,11717.3500,752.1,266.9
Vista Heights,B43,Mar-26,679.70,11.50,7816.5500,752.1,-72.4
Vista Heights,B43,May-23,698.00,11.00,7678.0000,752.1,-54.1
Vista Heights,B43,May-24,1164.00,11.00,12804.0000,752.1,412.0
Vista Heights,B43,May-25,658.90,11.50,7577.3500,752.1,-93.2
Vista Heights,B43,May-26,936.00,11.50,10764.0000,752.1,184.0
Vista Heights,B43,Nov-23,739.50,11.00,8134.5000,752.1,-12.6
Vista Heights,B43,Nov-24,857.30,11.50,9858.9500,752.1,105.3
Vista Heights,B43,Nov-25,680.80,11.50,7829.2000,752.1,-71.3
Vista Heights,B43,Oct-23,955.80,11.00,10513.8000,752.1,203.8
Vista Heights,B43,Oct-24,675.60,11.50,7769.4000,752.1,-76.5
Vista Heights,B43,Oct-25,657.00,11.50,7555.5000,752.1,-95.1
Vista Heights,B43,Sep-23,932.10,11.00,10253.1000,752.1,180.1
Vista Heights,B43,Sep-24,1137.20,11.50,13077.8000,752.1,385.2
Vista Heights,B43,Sep-25,725.30,11.50,8340.9500,752.1,-26.8
Vista Heights,B44,Apr-23,1028.00,11.50,11822.0000,895.2,132.8
Vista Heights,B44,Apr-24,1311.70,11.00,14428.7000,895.2,416.5
Vista Heights,B44,Apr-25,987.40,11.50,11355.1000,895.2,92.2
Vista Heights,B44,Apr-26,559.60,11.50,6435.4000,895.2,-335.6
Vista Heights,B44,Aug-23,837.20,11.00,9209.2000,895.2,-58.0
Vista Heights,B44,Aug-24,1211.00,11.50,13926.5000,895.2,315.8
Vista Heights,B44,Aug-25,1162.20,11.50,13365.3000,895.2,267.0
Vista Heights,B44,Dec-24,494.90,11.50,5691.3500,895.2,-400.3
Vista Heights,B44,Dec-25,606.40,11.50,6973.6000,895.2,-288.8
Vista Heights,B44,Feb-24,840.30,11.00,9243.3000,895.2,-54.9
Vista Heights,B44,Feb-25,756.50,11.50,8699.7500,895.2,-138.7
Vista Heights,B44,Feb-26,688.10,11.50,7913.1500,895.2,-207.1
Vista Heights,B44,Jan-24,377.10,11.00,4148.1000,895.2,-518.1
Vista Heights,B44,Jan-25,609.40,11.50,7008.1000,895.2,-285.8
Vista Heights,B44,Jan-26,424.20,11.50,4878.3000,895.2,-471.0
Vista Heights,B44,Jul-23,851.20,11.00,9363.2000,895.2,-44.0
Vista Heights,B44,Jul-24,1030.00,11.50,11845.0000,895.2,134.8
Vista Heights,B44,Jul-25,925.90,11.50,10647.8500,895.2,30.7
Vista Heights,B44,Jun-23,850.80,11.00,9358.8000,895.2,-44.4
Vista Heights,B44,Jun-24,979.00,11.00,10769.0000,895.2,83.8
Vista Heights,B44,Jun-25,1015.90,11.50,11682.8500,895.2,120.7
Vista Heights,B44,Jun-26,1337.40,11.50,15380.1000,895.2,442.2
Vista Heights,B44,Mar-24,1130.40,11.00,12434.4000,895.2,235.2
Vista Heights,B44,Mar-25,957.90,11.50,11015.8500,895.2,62.7
Vista Heights,B44,Mar-26,720.90,11.50,8290.3500,895.2,-174.3
Vista Heights,B44,May-23,1255.00,11.00,13805.0000,895.2,359.8
Vista Heights,B44,May-24,1241.00,11.00,13651.0000,895.2,345.8
Vista Heights,B44,May-25,992.20,11.50,11410.3000,895.2,97.0
Vista Heights,B44,May-26,1117.30,11.50,12848.9500,895.2,222.1
Vista Heights,B44,Nov-23,659.10,11.00,7250.1000,895.2,-236.1
Vista Heights,B44,Nov-24,529.40,11.50,6088.1000,895.2,-365.8
Vista Heights,B44,Nov-25,1095.00,11.50,12592.5000,895.2,199.8
Vista Heights,B44,Oct-23,774.10,11.00,8515.1000,895.2,-121.1
Vista Heights,B44,Oct-24,907.40,11.50,10435.1000,895.2,12.2
Vista Heights,B44,Oct-25,875.40,11.50,10067.1000,895.2,-19.8
Vista Heights,B44,Sep-23,746.90,11.00,8215.9000,895.2,-148.3
Vista Heights,B44,Sep-24,1034.80,11.50,11900.2000,895.2,139.6
Vista Heights,B44,Sep-25,1097.90,11.50,12625.8500,895.2,202.7
Vista Heights,C11,Apr-23,324.00,11.50,3726.0000,606.7,-282.7
Vista Heights,C11,Apr-24,944.80,11.00,10392.8000,606.7,338.1
Vista Heights,C11,Apr-25,746.80,11.50,8588.2000,606.7,140.1
Vista Heights,C11,Apr-26,963.30,11.50,11077.9500,606.7,356.6
Vista Heights,C11,Aug-23,618.10,11.00,6799.1000,606.7,11.4
Vista Heights,C11,Aug-24,591.00,11.50,6796.5000,606.7,-15.7
Vista Heights,C11,Aug-25,643.90,11.50,7404.8500,606.7,37.2
Vista Heights,C11,Dec-24,382.50,11.50,4398.7500,606.7,-224.2
Vista Heights,C11,Dec-25,500.00,11.50,5750.0000,606.7,-106.7
Vista Heights,C11,Feb-24,392.70,11.00,4319.7000,606.7,-214.0
Vista Heights,C11,Feb-25,404.60,11.50,4652.9000,606.7,-202.1
Vista Heights,C11,Feb-26,568.40,11.50,6536.6000,606.7,-38.3
Vista Heights,C11,Jan-24,266.90,11.00,2935.9000,606.7,-339.8
Vista Heights,C11,Jan-25,422.90,11.50,4863.3500,606.7,-183.8
Vista Heights,C11,Jan-26,348.60,11.50,4008.9000,606.7,-258.1
Vista Heights,C11,Jul-23,542.50,11.00,5967.5000,606.7,-64.2
Vista Heights,C11,Jul-24,568.00,11.50,6532.0000,606.7,-38.7
Vista Heights,C11,Jul-25,649.30,11.50,7466.9500,606.7,42.6
Vista Heights,C11,Jun-23,710.90,11.00,7819.9000,606.7,104.2
Vista Heights,C11,Jun-24,884.00,11.00,9724.0000,606.7,277.3
Vista Heights,C11,Jun-25,758.70,11.50,8725.0500,606.7,152.0
Vista Heights,C11,Jun-26,52.60,11.50,604.9000,606.7,-554.1
Vista Heights,C11,Mar-24,693.50,11.00,7628.5000,606.7,86.8
Vista Heights,C11,Mar-25,588.30,11.50,6765.4500,606.7,-18.4
Vista Heights,C11,Mar-26,654.80,11.50,7530.2000,606.7,48.1
Vista Heights,C11,May-23,719.00,11.00,7909.0000,606.7,112.3
Vista Heights,C11,May-24,1070.00,11.00,11770.0000,606.7,463.3
Vista Heights,C11,May-25,571.10,11.50,6567.6500,606.7,-35.6
Vista Heights,C11,May-26,1290.30,11.50,14838.4500,606.7,683.6
Vista Heights,C11,Nov-23,447.80,11.00,4925.8000,606.7,-158.9
Vista Heights,C11,Nov-24,385.10,11.50,4428.6500,606.7,-221.6
Vista Heights,C11,Nov-25,856.00,11.50,9844.0000,606.7,249.3
Vista Heights,C11,Oct-23,631.60,11.00,6947.6000,606.7,24.9
Vista Heights,C11,Oct-24,428.60,11.50,4928.9000,606.7,-178.1
Vista Heights,C11,Oct-25,589.30,11.50,6776.9500,606.7,-17.4
Vista Heights,C11,Sep-23,535.60,11.00,5891.6000,606.7,-71.1
Vista Heights,C11,Sep-24,565.20,11.50,6499.8000,606.7,-41.5
Vista Heights,C11,Sep-25,745.40,11.50,8572.1000,606.7,138.7
Vista Heights,C12,Apr-23,496.00,11.50,5704.0000,874.4,-378.4
Vista Heights,C12,Apr-24,902.15,11.00,9923.6500,874.4,27.8
Vista Heights,C12,Apr-25,1818.50,11.50,20912.7500,874.4,944.1
Vista Heights,C12,Apr-26,839.40,11.50,9653.1000,874.4,-35.0
Vista Heights,C12,Aug-23,731.50,11.00,8046.5000,874.4,-142.9
Vista Heights,C12,Aug-24,934.00,11.50,10741.0000,874.4,59.6
Vista Heights,C12,Aug-25,1309.60,11.50,15060.4000,874.4,435.2
Vista Heights,C12,Dec-24,571.00,11.50,6566.5000,874.4,-303.4
Vista Heights,C12,Dec-25,331.00,11.50,3806.5000,874.4,-543.4
Vista Heights,C12,Feb-24,617.85,11.00,6796.3500,874.4,-256.5
Vista Heights,C12,Feb-25,944.30,11.50,10859.4500,874.4,69.9
Vista Heights,C12,Feb-26,565.80,11.50,6506.7000,874.4,-308.6
Vista Heights,C12,Jan-24,551.00,11.00,6061.0000,874.4,-323.4
Vista Heights,C12,Jan-25,937.70,11.50,10783.5500,874.4,63.3
Vista Heights,C12,Jan-26,307.50,11.50,3536.2500,874.4,-566.9
Vista Heights,C12,Jul-23,771.25,11.00,8483.7500,874.4,-103.1
Vista Heights,C12,Jul-24,853.00,11.50,9809.5000,874.4,-21.4
Vista Heights,C12,Jul-25,1191.70,11.50,13704.5500,874.4,317.3
Vista Heights,C12,Jun-23,818.50,11.00,9003.5000,874.4,-55.9
Vista Heights,C12,Jun-24,886.00,11.00,9746.0000,874.4,11.6
Vista Heights,C12,Jun-25,1275.40,11.50,14667.1000,874.4,401.0
Vista Heights,C12,Jun-26,1258.50,11.50,14472.7500,874.4,384.1
Vista Heights,C12,Mar-24,806.40,11.00,8870.4000,874.4,-68.0
Vista Heights,C12,Mar-25,1532.30,11.50,17621.4500,874.4,657.9
Vista Heights,C12,Mar-26,583.90,11.50,6714.8500,874.4,-290.5
Vista Heights,C12,May-23,935.00,11.00,10285.0000,874.4,60.6
Vista Heights,C12,May-24,986.00,11.00,10846.0000,874.4,111.6
Vista Heights,C12,May-25,1792.80,11.50,20617.2000,874.4,918.4
Vista Heights,C12,May-26,1170.00,11.50,13455.0000,874.4,295.6
Vista Heights,C12,Nov-23,535.55,11.00,5891.0500,874.4,-338.8
Vista Heights,C12,Nov-24,666.25,11.50,7661.8750,874.4,-208.1
Vista Heights,C12,Nov-25,546.80,11.50,6288.2000,874.4,-327.6
Vista Heights,C12,Oct-23,728.30,11.00,8011.3000,874.4,-146.1
Vista Heights,C12,Oct-24,840.50,11.50,9665.7500,874.4,-33.9
Vista Heights,C12,Oct-25,554.20,11.50,6373.3000,874.4,-320.2
Vista Heights,C12,Sep-23,736.15,11.00,8097.6500,874.4,-138.2
Vista Heights,C12,Sep-24,942.85,11.50,10842.7750,874.4,68.5
Vista Heights,C12,Sep-25,957.50,11.50,11011.2500,874.4,83.1
Vista Heights,C21,Apr-23,514.00,11.50,5911.0000,641.3,-127.3
Vista Heights,C21,Apr-24,881.00,11.00,9691.0000,641.3,239.7
Vista Heights,C21,Apr-25,641.80,11.50,7380.7000,641.3,0.5
Vista Heights,C21,Apr-26,490.00,11.50,5635.0000,641.3,-151.3
Vista Heights,C21,Aug-23,875.90,11.00,9634.9000,641.3,234.6
Vista Heights,C21,Aug-24,795.00,11.50,9142.5000,641.3,153.7
Vista Heights,C21,Aug-25,667.80,11.50,7679.7000,641.3,26.5
Vista Heights,C21,Dec-24,474.70,11.50,5459.0500,641.3,-166.6
Vista Heights,C21,Dec-25,196.30,11.50,2257.4500,641.3,-445.0
Vista Heights,C21,Feb-24,564.80,11.00,6212.8000,641.3,-76.5
Vista Heights,C21,Feb-25,520.20,11.50,5982.3000,641.3,-121.1
Vista Heights,C21,Feb-26,266.40,11.50,3063.6000,641.3,-374.9
Vista Heights,C21,Jan-24,359.20,11.00,3951.2000,641.3,-282.1
Vista Heights,C21,Jan-25,406.10,11.50,4670.1500,641.3,-235.2
Vista Heights,C21,Jan-26,248.90,11.50,2862.3500,641.3,-392.4
Vista Heights,C21,Jul-23,772.90,11.00,8501.9000,641.3,131.6
Vista Heights,C21,Jul-24,853.00,11.50,9809.5000,641.3,211.7
Vista Heights,C21,Jul-25,947.40,11.50,10895.1000,641.3,306.1
Vista Heights,C21,Jun-23,818.40,11.00,9002.4000,641.3,177.1
Vista Heights,C21,Jun-24,767.00,11.00,8437.0000,641.3,125.7
Vista Heights,C21,Jun-25,840.10,11.50,9661.1500,641.3,198.8
Vista Heights,C21,Jun-26,800.50,11.50,9205.7500,641.3,159.2
Vista Heights,C21,Mar-24,719.70,11.00,7916.7000,641.3,78.4
Vista Heights,C21,Mar-25,706.10,11.50,8120.1500,641.3,64.8
Vista Heights,C21,Mar-26,404.00,11.50,4646.0000,641.3,-237.3
Vista Heights,C21,May-23,690.00,11.00,7590.0000,641.3,48.7
Vista Heights,C21,May-24,883.00,11.00,9713.0000,641.3,241.7
Vista Heights,C21,May-25,954.10,11.50,10972.1500,641.3,312.8
Vista Heights,C21,May-26,770.60,11.50,8861.9000,641.3,129.3
Vista Heights,C21,Nov-23,493.80,11.00,5431.8000,641.3,-147.5
Vista Heights,C21,Nov-24,508.10,11.50,5843.1500,641.3,-133.2
Vista Heights,C21,Nov-25,446.50,11.50,5134.7500,641.3,-194.8
Vista Heights,C21,Oct-23,873.00,11.00,9603.0000,641.3,231.7
Vista Heights,C21,Oct-24,553.70,11.50,6367.5500,641.3,-87.6
Vista Heights,C21,Oct-25,593.70,11.50,6827.5500,641.3,-47.6
Vista Heights,C21,Sep-23,802.70,11.00,8829.7000,641.3,161.4
Vista Heights,C21,Sep-24,733.90,11.50,8439.8500,641.3,92.6
Vista Heights,C21,Sep-25,536.10,11.50,6165.1500,641.3,-105.2
Vista Heights,C24,Apr-23,0.00,11.50,0.0000,553.2,-553.2
Vista Heights,C24,Apr-25,298.60,11.50,3433.9000,553.2,-254.6
Vista Heights,C24,Apr-26,703.10,11.50,8085.6500,553.2,149.9
Vista Heights,C24,Aug-24,489.00,11.50,5623.5000,553.2,-64.2
Vista Heights,C24,Aug-25,726.90,11.50,8359.3500,553.2,173.7
Vista Heights,C24,Dec-24,499.80,11.50,5747.7000,553.2,-53.4
Vista Heights,C24,Dec-25,428.30,11.50,4925.4500,553.2,-124.9
Vista Heights,C24,Feb-25,334.90,11.50,3851.3500,553.2,-218.3
Vista Heights,C24,Feb-26,440.00,11.50,5060.0000,553.2,-113.2
Vista Heights,C24,Jan-25,351.10,11.50,4037.6500,553.2,-202.1
Vista Heights,C24,Jan-26,355.30,11.50,4085.9500,553.2,-197.9
Vista Heights,C24,Jul-24,997.00,11.50,11465.5000,553.2,443.8
Vista Heights,C24,Jul-25,852.60,11.50,9804.9000,553.2,299.4
Vista Heights,C24,Jun-24,0.00,11.00,0.0000,553.2,-553.2
Vista Heights,C24,Jun-25,957.60,11.50,11012.4000,553.2,404.4
Vista Heights,C24,Jun-26,998.60,11.50,11483.9000,553.2,445.4
Vista Heights,C24,Mar-25,480.60,11.50,5526.9000,553.2,-72.6
Vista Heights,C24,Mar-26,416.90,11.50,4794.3500,553.2,-136.3
Vista Heights,C24,May-25,630.70,11.50,7253.0500,553.2,77.5
Vista Heights,C24,May-26,934.40,11.50,10745.6000,553.2,381.2
Vista Heights,C24,Nov-24,486.30,11.50,5592.4500,553.2,-66.9
Vista Heights,C24,Nov-25,561.40,11.50,6456.1000,553.2,8.2
Vista Heights,C24,Oct-24,405.50,11.50,4663.2500,553.2,-147.7
Vista Heights,C24,Oct-25,694.50,11.50,7986.7500,553.2,141.3
Vista Heights,C24,Sep-24,547.20,11.50,6292.8000,553.2,-6.0
Vista Heights,C24,Sep-25,794.00,11.50,9131.0000,553.2,240.8
Vista Heights,C31,Apr-23,609.00,11.50,7003.5000,629.7,-20.7
Vista Heights,C31,Apr-24,765.70,11.00,8422.7000,629.7,136.0
Vista Heights,C31,Apr-25,753.90,11.50,8669.8500,629.7,124.2
Vista Heights,C31,Apr-26,665.20,11.50,7649.8000,629.7,35.5
Vista Heights,C31,Aug-23,1018.90,11.00,11207.9000,629.7,389.2
Vista Heights,C31,Aug-24,867.00,11.50,9970.5000,629.7,237.3
Vista Heights,C31,Aug-25,656.80,11.50,7553.2000,629.7,27.1
Vista Heights,C31,Dec-24,375.70,11.50,4320.5500,629.7,-254.0
Vista Heights,C31,Dec-25,216.80,11.50,2493.2000,629.7,-412.9
Vista Heights,C31,Feb-24,445.00,11.00,4895.0000,629.7,-184.7
Vista Heights,C31,Feb-25,674.50,11.50,7756.7500,629.7,44.8
Vista Heights,C31,Feb-26,378.00,11.50,4347.0000,629.7,-251.7
Vista Heights,C31,Jan-24,313.90,11.00,3452.9000,629.7,-315.8
Vista Heights,C31,Jan-25,594.40,11.50,6835.6000,629.7,-35.3
Vista Heights,C31,Jan-26,268.20,11.50,3084.3000,629.7,-361.5
Vista Heights,C31,Jul-23,823.50,11.00,9058.5000,629.7,193.8
Vista Heights,C31,Jul-24,835.00,11.50,9602.5000,629.7,205.3
Vista Heights,C31,Jul-25,401.80,11.50,4620.7000,629.7,-227.9
Vista Heights,C31,Jun-23,797.00,11.00,8767.0000,629.7,167.3
Vista Heights,C31,Jun-24,751.00,11.00,8261.0000,629.7,121.3
Vista Heights,C31,Jun-25,568.10,11.50,6533.1500,629.7,-61.6
Vista Heights,C31,Jun-26,803.00,11.50,9234.5000,629.7,173.3
Vista Heights,C31,Mar-24,666.30,11.00,7329.3000,629.7,36.6
Vista Heights,C31,Mar-25,511.90,11.50,5886.8500,629.7,-117.8
Vista Heights,C31,Mar-26,524.10,11.50,6027.1500,629.7,-105.6
Vista Heights,C31,May-23,863.00,11.00,9493.0000,629.7,233.3
Vista Heights,C31,May-24,903.00,11.00,9933.0000,629.7,273.3
Vista Heights,C31,May-25,573.80,11.50,6598.7000,629.7,-55.9
Vista Heights,C31,May-26,707.00,11.50,8130.5000,629.7,77.3
Vista Heights,C31,Nov-23,647.70,11.00,7124.7000,629.7,18.0
Vista Heights,C31,Nov-24,490.60,11.50,5641.9000,629.7,-139.1
Vista Heights,C31,Nov-25,442.60,11.50,5089.9000,629.7,-187.1
Vista Heights,C31,Oct-23,743.20,11.00,8175.2000,629.7,113.5
Vista Heights,C31,Oct-24,609.30,11.50,7006.9500,629.7,-20.4
Vista Heights,C31,Oct-25,340.20,11.50,3912.3000,629.7,-289.5
Vista Heights,C31,Sep-23,862.60,11.00,9488.6000,629.7,232.9
Vista Heights,C31,Sep-24,754.80,11.50,8680.2000,629.7,125.1
Vista Heights,C31,Sep-25,707.70,11.50,8138.5500,629.7,78.0
Vista Heights,C34,Apr-23,554.00,11.50,6371.0000,420.0,134.0
Vista Heights,C34,Apr-24,435.70,11.00,4792.7000,420.0,15.7
Vista Heights,C34,Apr-25,532.30,11.50,6121.4500,420.0,112.3
Vista Heights,C34,Apr-26,464.20,11.50,5338.3000,420.0,44.2
Vista Heights,C34,Aug-23,431.90,11.00,4750.9000,420.0,11.9
Vista Heights,C34,Aug-24,762.00,11.50,8763.0000,420.0,342.0
Vista Heights,C34,Aug-25,467.40,11.50,5375.1000,420.0,47.4
Vista Heights,C34,Dec-24,280.80,11.50,3229.2000,420.0,-139.2
Vista Heights,C34,Dec-25,191.40,11.50,2201.1000,420.0,-228.6
Vista Heights,C34,Feb-24,288.10,11.00,3169.1000,420.0,-131.9
Vista Heights,C34,Feb-25,300.50,11.50,3455.7500,420.0,-119.5
Vista Heights,C34,Feb-26,223.90,11.50,2574.8500,420.0,-196.1
Vista Heights,C34,Jan-24,0.00,11.00,0.0000,420.0,-420.0
Vista Heights,C34,Jan-25,268.10,11.50,3083.1500,420.0,-151.9
Vista Heights,C34,Jan-26,213.60,11.50,2456.4000,420.0,-206.4
Vista Heights,C34,Jul-23,401.50,11.00,4416.5000,420.0,-18.5
Vista Heights,C34,Jul-24,703.00,11.50,8084.5000,420.0,283.0
Vista Heights,C34,Jul-25,645.60,11.50,7424.4000,420.0,225.6
Vista Heights,C34,Jun-23,260.00,11.00,2860.0000,420.0,-160.0
Vista Heights,C34,Jun-24,623.00,11.00,6853.0000,420.0,203.0
Vista Heights,C34,Jun-25,624.90,11.50,7186.3500,420.0,204.9
Vista Heights,C34,Jun-26,681.20,11.50,7833.8000,420.0,261.2
Vista Heights,C34,Mar-24,342.20,11.00,3764.2000,420.0,-77.8
Vista Heights,C34,Mar-25,536.90,11.50,6174.3500,420.0,116.9
Vista Heights,C34,Mar-26,333.40,11.50,3834.1000,420.0,-86.6
Vista Heights,C34,May-23,645.00,11.00,7095.0000,420.0,225.0
Vista Heights,C34,May-24,581.00,11.00,6391.0000,420.0,161.0
Vista Heights,C34,May-25,536.80,11.50,6173.2000,420.0,116.8
Vista Heights,C34,May-26,578.20,11.50,6649.3000,420.0,158.2
Vista Heights,C34,Nov-23,236.60,11.00,2602.6000,420.0,-183.4
Vista Heights,C34,Nov-24,351.70,11.50,4044.5500,420.0,-68.3
Vista Heights,C34,Nov-25,268.20,11.50,3084.3000,420.0,-151.8
Vista Heights,C34,Oct-23,262.50,11.00,2887.5000,420.0,-157.5
Vista Heights,C34,Oct-24,382.90,11.50,4403.3500,420.0,-37.1
Vista Heights,C34,Oct-25,339.30,11.50,3901.9500,420.0,-80.7
Vista Heights,C34,Sep-23,266.80,11.00,2934.8000,420.0,-153.2
Vista Heights,C34,Sep-24,514.90,11.50,5921.3500,420.0,94.9
Vista Heights,C34,Sep-25,431.80,11.50,4965.7000,420.0,11.8
Vista Heights,C41,Apr-23,120.00,11.50,1380.0000,714.8,-594.8
Vista Heights,C41,Apr-24,647.90,11.00,7126.9000,714.8,-66.9
Vista Heights,C41,Apr-25,1240.90,11.50,14270.3500,714.8,526.1
Vista Heights,C41,Apr-26,1141.30,11.50,13124.9500,714.8,426.5
Vista Heights,C41,Aug-23,-24.00,11.00,-264.0000,714.8,-738.8
Vista Heights,C41,Aug-24,868.00,11.50,9982.0000,714.8,153.2
Vista Heights,C41,Aug-25,971.40,11.50,11171.1000,714.8,256.6
Vista Heights,C41,Dec-24,772.30,11.50,8881.4500,714.8,57.5
Vista Heights,C41,Dec-25,436.70,11.50,5022.0500,714.8,-278.1
Vista Heights,C41,Feb-24,0.00,11.00,0.0000,714.8,-714.8
Vista Heights,C41,Feb-25,846.90,11.50,9739.3500,714.8,132.1
Vista Heights,C41,Feb-26,603.70,11.50,6942.5500,714.8,-111.1
Vista Heights,C41,Jan-24,0.00,11.00,0.0000,714.8,-714.8
Vista Heights,C41,Jan-25,701.80,11.50,8070.7000,714.8,-13.0
Vista Heights,C41,Jan-26,473.70,11.50,5447.5500,714.8,-241.1
Vista Heights,C41,Jul-23,0.00,11.00,0.0000,714.8,-714.8
Vista Heights,C41,Jul-24,1154.00,11.50,13271.0000,714.8,439.2
Vista Heights,C41,Jul-25,1079.10,11.50,12409.6500,714.8,364.3
Vista Heights,C41,Jun-23,0.00,11.00,0.0000,714.8,-714.8
Vista Heights,C41,Jun-24,1200.00,11.00,13200.0000,714.8,485.2
Vista Heights,C41,Jun-25,1353.50,11.50,15565.2500,714.8,638.7
Vista Heights,C41,Jun-26,1450.70,11.50,16683.0500,714.8,735.9
Vista Heights,C41,Mar-24,41.20,11.00,453.2000,714.8,-673.6
Vista Heights,C41,Mar-25,1459.30,11.50,16781.9500,714.8,744.5
Vista Heights,C41,Mar-26,980.50,11.50,11275.7500,714.8,265.7
Vista Heights,C41,May-23,0.00,11.00,0.0000,714.8,-714.8
Vista Heights,C41,May-24,1319.00,11.00,14509.0000,714.8,604.2
Vista Heights,C41,May-25,1226.00,11.50,14099.0000,714.8,511.2
Vista Heights,C41,May-26,1483.80,11.50,17063.7000,714.8,769.0
Vista Heights,C41,Nov-23,0.00,11.00,0.0000,714.8,-714.8
Vista Heights,C41,Nov-24,863.30,11.50,9927.9500,714.8,148.5
Vista Heights,C41,Nov-25,824.50,11.50,9481.7500,714.8,109.7
Vista Heights,C41,Oct-23,0.50,11.00,5.5000,714.8,-714.3
Vista Heights,C41,Oct-24,1069.20,11.50,12295.8000,714.8,354.4
Vista Heights,C41,Oct-25,825.50,11.50,9493.2500,714.8,110.7
Vista Heights,C41,Sep-23,0.00,11.00,0.0000,714.8,-714.8
Vista Heights,C41,Sep-24,868.00,11.50,9982.0000,714.8,153.2
Vista Heights,C41,Sep-25,1164.80,11.50,13395.2000,714.8,450.0
Vista Heights,C42,Apr-23,319.00,11.50,3668.5000,928.6,-609.6
Vista Heights,C42,Apr-24,1293.60,11.00,14229.6000,928.6,365.0
Vista Heights,C42,Apr-25,1527.70,11.50,17568.5500,928.6,599.1
Vista Heights,C42,Apr-26,794.80,11.50,9140.2000,928.6,-133.8
Vista Heights,C42,Aug-23,1017.30,11.00,11190.3000,928.6,88.7
Vista Heights,C42,Aug-24,1039.00,11.50,11948.5000,928.6,110.4
Vista Heights,C42,Aug-25,1001.50,11.50,11517.2500,928.6,72.9
Vista Heights,C42,Dec-24,872.20,11.50,10030.3000,928.6,-56.4
Vista Heights,C42,Dec-25,694.00,11.50,7981.0000,928.6,-234.6
Vista Heights,C42,Feb-24,881.00,11.00,9691.0000,928.6,-47.6
Vista Heights,C42,Feb-25,989.90,11.50,11383.8500,928.6,61.3
Vista Heights,C42,Feb-26,662.70,11.50,7621.0500,928.6,-265.9
Vista Heights,C42,Jan-24,374.50,11.00,4119.5000,928.6,-554.1
Vista Heights,C42,Jan-25,961.20,11.50,11053.8000,928.6,32.6
Vista Heights,C42,Jan-26,506.80,11.50,5828.2000,928.6,-421.8
Vista Heights,C42,Jul-23,239.30,11.00,2632.3000,928.6,-689.3
Vista Heights,C42,Jul-24,1058.00,11.50,12167.0000,928.6,129.4
Vista Heights,C42,Jul-25,1497.80,11.50,17224.7000,928.6,569.2
Vista Heights,C42,Jun-23,496.10,11.00,5457.1000,928.6,-432.5
Vista Heights,C42,Jun-24,876.00,11.00,9636.0000,928.6,-52.6
Vista Heights,C42,Jun-25,1583.30,11.50,18207.9500,928.6,654.7
Vista Heights,C42,Jun-26,1016.90,11.50,11694.3500,928.6,88.3
Vista Heights,C42,Mar-24,1063.20,11.00,11695.2000,928.6,134.6
Vista Heights,C42,Mar-25,1239.40,11.50,14253.1000,928.6,310.8
Vista Heights,C42,Mar-26,708.10,11.50,8143.1500,928.6,-220.5
Vista Heights,C42,May-23,656.00,11.00,7216.0000,928.6,-272.6
Vista Heights,C42,May-24,1248.00,11.00,13728.0000,928.6,319.4
Vista Heights,C42,May-25,1490.00,11.50,17135.0000,928.6,561.4
Vista Heights,C42,May-26,906.40,11.50,10423.6000,928.6,-22.2
Vista Heights,C42,Nov-23,945.50,11.00,10400.5000,928.6,16.9
Vista Heights,C42,Nov-24,743.70,11.50,8552.5500,928.6,-184.9
Vista Heights,C42,Nov-25,919.90,11.50,10578.8500,928.6,-8.7
Vista Heights,C42,Oct-23,924.10,11.00,10165.1000,928.6,-4.5
Vista Heights,C42,Oct-24,972.00,11.50,11178.0000,928.6,43.4
Vista Heights,C42,Oct-25,871.20,11.50,10018.8000,928.6,-57.4
Vista Heights,C42,Sep-23,917.80,11.00,10095.8000,928.6,-10.8
Vista Heights,C42,Sep-24,995.30,11.50,11445.9500,928.6,66.7
Vista Heights,C42,Sep-25,983.70,11.50,11312.5500,928.6,55.1
Vista Heights,C43,Apr-23,891.00,11.50,10246.5000,835.3,55.7
Vista Heights,C43,Apr-24,762.10,11.00,8383.1000,835.3,-73.2
Vista Heights,C43,Apr-25,1098.30,11.50,12630.4500,835.3,263.0
Vista Heights,C43,Apr-26,1251.70,11.50,14394.5500,835.3,416.4
Vista Heights,C43,Aug-23,998.90,11.00,10987.9000,835.3,163.6
Vista Heights,C43,Aug-24,754.00,11.50,8671.0000,835.3,-81.3
Vista Heights,C43,Aug-25,1076.50,11.50,12379.7500,835.3,241.2
Vista Heights,C43,Dec-24,560.80,11.50,6449.2000,835.3,-274.5
Vista Heights,C43,Dec-25,333.60,11.50,3836.4000,835.3,-501.7
Vista Heights,C43,Feb-24,764.20,11.00,8406.2000,835.3,-71.1
Vista Heights,C43,Feb-25,707.70,11.50,8138.5500,835.3,-127.6
Vista Heights,C43,Feb-26,573.80,11.50,6598.7000,835.3,-261.5
Vista Heights,C43,Jan-24,314.10,11.00,3455.1000,835.3,-521.2
Vista Heights,C43,Jan-25,607.30,11.50,6983.9500,835.3,-228.0
Vista Heights,C43,Jan-26,531.30,11.50,6109.9500,835.3,-304.0
Vista Heights,C43,Jul-23,328.20,11.00,3610.2000,835.3,-507.1
Vista Heights,C43,Jul-24,924.00,11.50,10626.0000,835.3,88.7
Vista Heights,C43,Jul-25,899.70,11.50,10346.5500,835.3,64.4
Vista Heights,C43,Jun-23,580.50,11.00,6385.5000,835.3,-254.8
Vista Heights,C43,Jun-24,1100.00,11.00,12100.0000,835.3,264.7
Vista Heights,C43,Jun-25,1047.90,11.50,12050.8500,835.3,212.6
Vista Heights,C43,Jun-26,967.60,11.50,11127.4000,835.3,132.3
Vista Heights,C43,Mar-24,722.70,11.00,7949.7000,835.3,-112.6
Vista Heights,C43,Mar-25,1043.80,11.50,12003.7000,835.3,208.5
Vista Heights,C43,Mar-26,790.60,11.50,9091.9000,835.3,-44.7
Vista Heights,C43,May-23,543.00,11.00,5973.0000,835.3,-292.3
Vista Heights,C43,May-24,1334.00,11.00,14674.0000,835.3,498.7
Vista Heights,C43,May-25,1106.30,11.50,12722.4500,835.3,271.0
Vista Heights,C43,May-26,1269.60,11.50,14600.4000,835.3,434.3
Vista Heights,C43,Nov-23,738.30,11.00,8121.3000,835.3,-97.0
Vista Heights,C43,Nov-24,631.30,11.50,7259.9500,835.3,-204.0
Vista Heights,C43,Nov-25,769.50,11.50,8849.2500,835.3,-65.8
Vista Heights,C43,Oct-23,882.70,11.00,9709.7000,835.3,47.4
Vista Heights,C43,Oct-24,866.80,11.50,9968.2000,835.3,31.5
Vista Heights,C43,Oct-25,944.50,11.50,10861.7500,835.3,109.2
Vista Heights,C43,Sep-23,924.20,11.00,10166.2000,835.3,88.9
Vista Heights,C43,Sep-24,990.70,11.50,11393.0500,835.3,155.4
Vista Heights,C43,Sep-25,1110.10,11.50,12766.1500,835.3,274.8
Vista Heights,C44,Apr-23,776.00,11.50,8924.0000,712.3,63.7
Vista Heights,C44,Apr-24,679.00,11.00,7469.0000,712.3,-33.3
Vista Heights,C44,Apr-25,816.90,11.50,9394.3500,712.3,104.6
Vista Heights,C44,Apr-26,1076.50,11.50,12379.7500,712.3,364.2
Vista Heights,C44,Aug-23,936.60,11.00,10302.6000,712.3,224.3
Vista Heights,C44,Aug-24,560.00,11.50,6440.0000,712.3,-152.3
Vista Heights,C44,Aug-25,987.90,11.50,11360.8500,712.3,275.6
Vista Heights,C44,Dec-24,303.40,11.50,3489.1000,712.3,-408.9
Vista Heights,C44,Dec-25,686.00,11.50,7889.0000,712.3,-26.3
Vista Heights,C44,Feb-24,610.00,11.00,6710.0000,712.3,-102.3
Vista Heights,C44,Feb-25,531.00,11.50,6106.5000,712.3,-181.3
Vista Heights,C44,Feb-26,636.40,11.50,7318.6000,712.3,-75.9
Vista Heights,C44,Jan-24,438.30,11.00,4821.3000,712.3,-274.0
Vista Heights,C44,Jan-25,358.70,11.50,4125.0500,712.3,-353.6
Vista Heights,C44,Jan-26,513.70,11.50,5907.5500,712.3,-198.6
Vista Heights,C44,Jul-23,771.70,11.00,8488.7000,712.3,59.4
Vista Heights,C44,Jul-24,518.00,11.50,5957.0000,712.3,-194.3
Vista Heights,C44,Jul-25,887.80,11.50,10209.7000,712.3,175.5
Vista Heights,C44,Jun-23,202.70,11.00,2229.7000,712.3,-509.6
Vista Heights,C44,Jun-24,545.00,11.00,5995.0000,712.3,-167.3
Vista Heights,C44,Jun-25,864.70,11.50,9944.0500,712.3,152.4
Vista Heights,C44,Jun-26,1006.50,11.50,11574.7500,712.3,294.2
Vista Heights,C44,Mar-24,558.70,11.00,6145.7000,712.3,-153.6
Vista Heights,C44,Mar-25,820.20,11.50,9432.3000,712.3,107.9
Vista Heights,C44,Mar-26,831.20,11.50,9558.8000,712.3,118.9
Vista Heights,C44,May-23,927.00,11.00,10197.0000,712.3,214.7
Vista Heights,C44,May-24,1008.00,11.00,11088.0000,712.3,295.7
Vista Heights,C44,May-25,903.00,11.50,10384.5000,712.3,190.7
Vista Heights,C44,May-26,1037.40,11.50,11930.1000,712.3,325.1
Vista Heights,C44,Nov-23,421.00,11.00,4631.0000,712.3,-291.3
Vista Heights,C44,Nov-24,475.50,11.50,5468.2500,712.3,-236.8
Vista Heights,C44,Nov-25,801.10,11.50,9212.6500,712.3,88.8
Vista Heights,C44,Oct-23,940.40,11.00,10344.4000,712.3,228.1
Vista Heights,C44,Oct-24,611.00,11.50,7026.5000,712.3,-101.3
Vista Heights,C44,Oct-25,605.20,11.50,6959.8000,712.3,-107.1
Vista Heights,C44,Sep-23,934.80,11.00,10282.8000,712.3,222.5
Vista Heights,C44,Sep-24,555.70,11.50,6390.5500,712.3,-156.6
Vista Heights,C44,Sep-25,929.00,11.50,10683.5000,712.3,216.7
Vista Heights,D11,Apr-23,479.00,11.50,5508.5000,674.3,-195.3
Vista Heights,D11,Apr-24,726.00,11.00,7986.0000,674.3,51.7
Vista Heights,D11,Apr-25,864.30,11.50,9939.4500,674.3,190.0
Vista Heights,D11,Apr-26,804.50,11.50,9251.7500,674.3,130.2
Vista Heights,D11,Aug-23,639.71,11.00,7036.8100,674.3,-34.6
Vista Heights,D11,Aug-24,666.00,11.50,7659.0000,674.3,-8.3
Vista Heights,D11,Aug-25,961.10,11.50,11052.6500,674.3,286.8
Vista Heights,D11,Dec-24,401.00,11.50,4611.5000,674.3,-273.3
Vista Heights,D11,Dec-25,469.40,11.50,5398.1000,674.3,-204.9
Vista Heights,D11,Feb-24,584.57,11.00,6430.2700,674.3,-89.7
Vista Heights,D11,Feb-25,504.40,11.50,5800.6000,674.3,-169.9
Vista Heights,D11,Feb-26,489.10,11.50,5624.6500,674.3,-185.2
Vista Heights,D11,Jan-24,478.23,11.00,5260.5300,674.3,-196.0
Vista Heights,D11,Jan-25,547.00,11.50,6290.5000,674.3,-127.3
Vista Heights,D11,Jan-26,412.90,11.50,4748.3500,674.3,-261.4
Vista Heights,D11,Jul-23,463.49,11.00,5098.3900,674.3,-210.8
Vista Heights,D11,Jul-24,712.00,11.50,8188.0000,674.3,37.7
Vista Heights,D11,Jul-25,941.60,11.50,10828.4000,674.3,267.3
Vista Heights,D11,Jun-23,508.69,11.00,5595.5900,674.3,-165.6
Vista Heights,D11,Jun-24,800.00,11.00,8800.0000,674.3,125.7
Vista Heights,D11,Jun-25,1077.30,11.50,12388.9500,674.3,403.0
Vista Heights,D11,Jun-26,930.70,11.50,10703.0500,674.3,256.4
Vista Heights,D11,Mar-24,784.91,11.00,8634.0100,674.3,110.6
Vista Heights,D11,Mar-25,817.70,11.50,9403.5500,674.3,143.4
Vista Heights,D11,Mar-26,676.30,11.50,7777.4500,674.3,2.0
Vista Heights,D11,May-23,618.00,11.00,6798.0000,674.3,-56.3
Vista Heights,D11,May-24,916.00,11.00,10076.0000,674.3,241.7
Vista Heights,D11,May-25,998.70,11.50,11485.0500,674.3,324.4
Vista Heights,D11,May-26,1074.10,11.50,12352.1500,674.3,399.8
Vista Heights,D11,Nov-23,398.63,11.00,4384.9300,674.3,-275.6
Vista Heights,D11,Nov-24,418.30,11.50,4810.4500,674.3,-256.0
Vista Heights,D11,Nov-25,741.80,11.50,8530.7000,674.3,67.5
Vista Heights,D11,Oct-23,517.49,11.00,5692.3900,674.3,-156.8
Vista Heights,D11,Oct-24,455.26,11.50,5235.4900,674.3,-219.0
Vista Heights,D11,Oct-25,722.00,11.50,8303.0000,674.3,47.7
Vista Heights,D11,Sep-23,531.43,11.00,5845.7300,674.3,-142.8
Vista Heights,D11,Sep-24,598.00,11.50,6877.0000,674.3,-76.3
Vista Heights,D11,Sep-25,892.90,11.50,10268.3500,674.3,218.6
Vista Heights,D12,Apr-23,1970.00,11.50,22655.0000,513.5,1456.5
Vista Heights,D12,Apr-24,520.60,11.00,5726.6000,513.5,7.1
Vista Heights,D12,Apr-25,644.70,11.50,7414.0500,513.5,131.2
Vista Heights,D12,Apr-26,459.30,11.50,5281.9500,513.5,-54.2
Vista Heights,D12,Aug-23,507.70,11.00,5584.7000,513.5,-5.8
Vista Heights,D12,Aug-24,529.00,11.50,6083.5000,513.5,15.5
Vista Heights,D12,Aug-25,468.80,11.50,5391.2000,513.5,-44.7
Vista Heights,D12,Dec-24,409.10,11.50,4704.6500,513.5,-104.4
Vista Heights,D12,Dec-25,195.20,11.50,2244.8000,513.5,-318.3
Vista Heights,D12,Feb-24,384.40,11.00,4228.4000,513.5,-129.1
Vista Heights,D12,Feb-25,494.80,11.50,5690.2000,513.5,-18.7
Vista Heights,D12,Feb-26,352.20,11.50,4050.3000,513.5,-161.3
Vista Heights,D12,Jan-24,172.80,11.00,1900.8000,513.5,-340.7
Vista Heights,D12,Jan-25,335.70,11.50,3860.5500,513.5,-177.8
Vista Heights,D12,Jan-26,207.70,11.50,2388.5500,513.5,-305.8
Vista Heights,D12,Jul-23,0.00,11.00,0.0000,513.5,-513.5
Vista Heights,D12,Jul-24,586.00,11.50,6739.0000,513.5,72.5
Vista Heights,D12,Jul-25,735.40,11.50,8457.1000,513.5,221.9
Vista Heights,D12,Jun-23,0.00,11.00,0.0000,513.5,-513.5
Vista Heights,D12,Jun-24,763.00,11.00,8393.0000,513.5,249.5
Vista Heights,D12,Jun-25,726.80,11.50,8358.2000,513.5,213.3
Vista Heights,D12,Jun-26,709.90,11.50,8163.8500,513.5,196.4
Vista Heights,D12,Mar-24,520.20,11.00,5722.2000,513.5,6.7
Vista Heights,D12,Mar-25,626.50,11.50,7204.7500,513.5,113.0
Vista Heights,D12,Mar-26,488.50,11.50,5617.7500,513.5,-25.0
Vista Heights,D12,May-23,0.00,11.00,0.0000,513.5,-513.5
Vista Heights,D12,May-24,810.00,11.00,8910.0000,513.5,296.5
Vista Heights,D12,May-25,650.80,11.50,7484.2000,513.5,137.3
Vista Heights,D12,May-26,469.90,11.50,5403.8500,513.5,-43.6
Vista Heights,D12,Nov-23,431.70,11.00,4748.7000,513.5,-81.8
Vista Heights,D12,Nov-24,549.70,11.50,6321.5500,513.5,36.2
Vista Heights,D12,Nov-25,361.30,11.50,4154.9500,513.5,-152.2
Vista Heights,D12,Oct-23,490.50,11.00,5395.5000,513.5,-23.0
Vista Heights,D12,Oct-24,570.80,11.50,6564.2000,513.5,57.3
Vista Heights,D12,Oct-25,491.10,11.50,5647.6500,513.5,-22.4
Vista Heights,D12,Sep-23,679.60,11.00,7475.6000,513.5,166.1
Vista Heights,D12,Sep-24,684.40,11.50,7870.6000,513.5,170.9
Vista Heights,D12,Sep-25,513.60,11.50,5906.4000,513.5,0.1
Vista Heights,D13A,Apr-23,0.00,11.50,0.0000,509.5,-509.5
Vista Heights,D13A,Apr-25,0.00,11.50,0.0000,509.5,-509.5
Vista Heights,D13A,Aug-24,0.00,11.50,0.0000,509.5,-509.5
Vista Heights,D13A,Aug-25,9258.60,11.50,106473.9000,509.5,8749.1
Vista Heights,D13A,Dec-24,0.00,11.50,0.0000,509.5,-509.5
Vista Heights,D13A,Dec-25,253.90,11.50,2919.8500,509.5,-255.6
Vista Heights,D13A,Feb-25,0.00,11.50,0.0000,509.5,-509.5
Vista Heights,D13A,Feb-26,52.70,11.50,606.0500,509.5,-456.8
Vista Heights,D13A,Jan-25,0.00,11.50,0.0000,509.5,-509.5
Vista Heights,D13A,Jan-26,238.90,11.50,2747.3500,509.5,-270.6
Vista Heights,D13A,Jul-24,0.00,11.50,0.0000,509.5,-509.5
Vista Heights,D13A,Jul-25,0.00,11.50,0.0000,509.5,-509.5
Vista Heights,D13A,Jun-24,0.00,11.00,0.0000,509.5,-509.5
Vista Heights,D13A,Jun-25,0.00,11.50,0.0000,509.5,-509.5
Vista Heights,D13A,Mar-25,0.00,11.50,0.0000,509.5,-509.5
Vista Heights,D13A,May-25,0.00,11.50,0.0000,509.5,-509.5
Vista Heights,D13A,Nov-24,0.00,11.50,0.0000,509.5,-509.5
Vista Heights,D13A,Nov-25,576.90,11.50,6634.3500,509.5,67.4
Vista Heights,D13A,Oct-24,0.00,11.50,0.0000,509.5,-509.5
Vista Heights,D13A,Oct-25,529.70,11.50,6091.5500,509.5,20.2
Vista Heights,D13A,Sep-24,0.00,11.50,0.0000,509.5,-509.5
Vista Heights,D13A,Sep-25,298.70,11.50,3435.0500,509.5,-210.8
Vista Heights,D13B,Apr-23,568.00,11.50,6532.0000,270.1,297.9
Vista Heights,D13B,Apr-24,544.50,11.00,5989.5000,270.1,274.4
Vista Heights,D13B,Apr-25,0.00,11.50,0.0000,270.1,-270.1
Vista Heights,D13B,Aug-23,479.79,11.00,5277.6900,270.1,209.7
Vista Heights,D13B,Aug-24,500.00,11.50,5750.0000,270.1,229.9
Vista Heights,D13B,Aug-25,0.00,11.50,0.0000,270.1,-270.1
Vista Heights,D13B,Dec-24,544.00,11.50,6256.0000,270.1,273.9
Vista Heights,D13B,Dec-25,0.00,11.50,0.0000,270.1,-270.1
Vista Heights,D13B,Feb-24,438.43,11.00,4822.7300,270.1,168.4
Vista Heights,D13B,Feb-25,0.00,11.50,0.0000,270.1,-270.1
Vista Heights,D13B,Feb-26,0.00,11.50,0.0000,270.1,-270.1
Vista Heights,D13B,Jan-24,358.67,11.00,3945.3700,270.1,88.6
Vista Heights,D13B,Jan-25,0.00,11.50,0.0000,270.1,-270.1
Vista Heights,D13B,Jan-26,0.00,11.50,0.0000,270.1,-270.1
Vista Heights,D13B,Jul-23,347.61,11.00,3823.7100,270.1,77.5
Vista Heights,D13B,Jul-24,534.00,11.50,6141.0000,270.1,263.9
Vista Heights,D13B,Jul-25,0.00,11.50,0.0000,270.1,-270.1
Vista Heights,D13B,Jun-23,382.01,11.00,4202.1100,270.1,111.9
Vista Heights,D13B,Jun-24,600.00,11.00,6600.0000,270.1,329.9
Vista Heights,D13B,Jun-25,0.00,11.50,0.0000,270.1,-270.1
Vista Heights,D13B,Mar-24,588.69,11.00,6475.5900,270.1,318.6
Vista Heights,D13B,Mar-25,0.00,11.50,0.0000,270.1,-270.1
Vista Heights,D13B,May-23,463.00,11.00,5093.0000,270.1,192.9
Vista Heights,D13B,May-24,687.00,11.00,7557.0000,270.1,416.9
Vista Heights,D13B,May-25,0.00,11.50,0.0000,270.1,-270.1
Vista Heights,D13B,Nov-23,298.97,11.00,3288.6700,270.1,28.9
Vista Heights,D13B,Nov-24,270.94,11.50,3115.8100,270.1,0.9
Vista Heights,D13B,Nov-25,0.00,11.50,0.0000,270.1,-270.1
Vista Heights,D13B,Oct-23,388.11,11.00,4269.2100,270.1,118.0
Vista Heights,D13B,Oct-24,342.14,11.50,3934.6100,270.1,72.1
Vista Heights,D13B,Oct-25,0.00,11.50,0.0000,270.1,-270.1
Vista Heights,D13B,Sep-23,398.57,11.00,4384.2700,270.1,128.5
Vista Heights,D13B,Sep-24,447.80,11.50,5149.7000,270.1,177.7
Vista Heights,D13B,Sep-25,0.00,11.50,0.0000,270.1,-270.1
Vista Heights,D15,Jun-26,164.00,11.50,1886.0000,133.7,30.4
Vista Heights,D15,May-26,103.30,11.50,1187.9500,133.7,-30.4
Vista Heights,D21,Apr-23,548.00,11.50,6302.0000,493.1,54.9
Vista Heights,D21,Apr-24,258.23,11.00,2840.5300,493.1,-234.9
Vista Heights,D21,Apr-25,703.00,11.50,8084.5000,493.1,209.9
Vista Heights,D21,Apr-26,557.10,11.50,6406.6500,493.1,64.0
Vista Heights,D21,Aug-23,0.00,11.00,0.0000,493.1,-493.1
Vista Heights,D21,Aug-24,357.00,11.50,4105.5000,493.1,-136.1
Vista Heights,D21,Aug-25,799.10,11.50,9189.6500,493.1,306.0
Vista Heights,D21,Dec-24,255.00,11.50,2932.5000,493.1,-238.1
Vista Heights,D21,Dec-25,394.20,11.50,4533.3000,493.1,-98.9
Vista Heights,D21,Feb-24,388.10,11.00,4269.1000,493.1,-105.0
Vista Heights,D21,Feb-25,609.00,11.50,7003.5000,493.1,115.9
Vista Heights,D21,Feb-26,377.90,11.50,4345.8500,493.1,-115.2
Vista Heights,D21,Jan-24,244.80,11.00,2692.8000,493.1,-248.3
Vista Heights,D21,Jan-25,469.70,11.50,5401.5500,493.1,-23.4
Vista Heights,D21,Jan-26,258.70,11.50,2975.0500,493.1,-234.4
Vista Heights,D21,Jul-23,0.00,11.00,0.0000,493.1,-493.1
Vista Heights,D21,Jul-24,258.00,11.50,2967.0000,493.1,-235.1
Vista Heights,D21,Jul-25,824.40,11.50,9480.6000,493.1,331.3
Vista Heights,D21,Jun-23,0.00,11.00,0.0000,493.1,-493.1
Vista Heights,D21,Jun-24,302.00,11.00,3322.0000,493.1,-191.1
Vista Heights,D21,Jun-25,1214.20,11.50,13963.3000,493.1,721.1
Vista Heights,D21,Jun-26,959.70,11.50,11036.5500,493.1,466.6
Vista Heights,D21,Mar-24,301.89,11.00,3320.7900,493.1,-191.2
Vista Heights,D21,Mar-25,716.70,11.50,8242.0500,493.1,223.6
Vista Heights,D21,Mar-26,664.40,11.50,7640.6000,493.1,171.3
Vista Heights,D21,May-23,0.00,11.00,0.0000,493.1,-493.1
Vista Heights,D21,May-24,357.00,11.00,3927.0000,493.1,-136.1
Vista Heights,D21,May-25,586.20,11.50,6741.3000,493.1,93.1
Vista Heights,D21,May-26,948.80,11.50,10911.2000,493.1,455.7
Vista Heights,D21,Nov-23,518.40,11.00,5702.4000,493.1,25.3
Vista Heights,D21,Nov-24,387.77,11.50,4459.3550,493.1,-105.3
Vista Heights,D21,Nov-25,805.30,11.50,9260.9500,493.1,312.2
Vista Heights,D21,Oct-23,715.70,11.00,7872.7000,493.1,222.6
Vista Heights,D21,Oct-24,392.35,11.50,4512.0250,493.1,-100.7
Vista Heights,D21,Oct-25,703.80,11.50,8093.7000,493.1,210.7
Vista Heights,D21,Sep-23,661.30,11.00,7274.3000,493.1,168.2
Vista Heights,D21,Sep-24,365.45,11.50,4202.6750,493.1,-127.6
Vista Heights,D21,Sep-25,834.40,11.50,9595.6000,493.1,341.3
Vista Heights,D23B,Apr-23,0.00,11.50,0.0000,233.9,-233.9
Vista Heights,D23B,Apr-24,193.67,11.00,2130.3700,233.9,-40.2
Vista Heights,D23B,Apr-25,0.00,11.50,0.0000,233.9,-233.9
Vista Heights,D23B,Aug-23,3801.04,11.00,41811.4400,233.9,3567.2
Vista Heights,D23B,Aug-24,299.00,11.50,3438.5000,233.9,65.1
Vista Heights,D23B,Aug-25,0.00,11.50,0.0000,233.9,-233.9
Vista Heights,D23B,Dec-24,577.00,11.50,6635.5000,233.9,343.1
Vista Heights,D23B,Dec-25,0.00,11.50,0.0000,233.9,-233.9
Vista Heights,D23B,Feb-24,166.33,11.00,1829.6300,233.9,-67.6
Vista Heights,D23B,Feb-25,0.00,11.50,0.0000,233.9,-233.9
Vista Heights,D23B,Feb-26,0.00,11.50,0.0000,233.9,-233.9
Vista Heights,D23B,Jan-24,104.91,11.00,1154.0100,233.9,-129.0
Vista Heights,D23B,Jan-25,0.00,11.50,0.0000,233.9,-233.9
Vista Heights,D23B,Jan-26,0.00,11.50,0.0000,233.9,-233.9
Vista Heights,D23B,Jul-23,0.00,11.00,0.0000,233.9,-233.9
Vista Heights,D23B,Jul-24,261.00,11.50,3001.5000,233.9,27.1
Vista Heights,D23B,Jul-25,0.00,11.50,0.0000,233.9,-233.9
Vista Heights,D23B,Jun-23,0.00,11.00,0.0000,233.9,-233.9
Vista Heights,D23B,Jun-24,384.00,11.00,4224.0000,233.9,150.1
Vista Heights,D23B,Jun-25,0.00,11.50,0.0000,233.9,-233.9
Vista Heights,D23B,Mar-24,226.41,11.00,2490.5100,233.9,-7.5
Vista Heights,D23B,Mar-25,0.00,11.50,0.0000,233.9,-233.9
Vista Heights,D23B,May-23,0.00,11.00,0.0000,233.9,-233.9
Vista Heights,D23B,May-24,268.00,11.00,2948.0000,233.9,34.1
Vista Heights,D23B,May-25,0.00,11.50,0.0000,233.9,-233.9
Vista Heights,D23B,Nov-23,222.17,11.00,2443.8700,233.9,-11.7
Vista Heights,D23B,Nov-24,290.83,11.50,3344.5450,233.9,56.9
Vista Heights,D23B,Nov-25,0.00,11.50,0.0000,233.9,-233.9
Vista Heights,D23B,Oct-23,306.73,11.00,3374.0300,233.9,72.8
Vista Heights,D23B,Oct-24,294.26,11.50,3383.9900,233.9,60.4
Vista Heights,D23B,Oct-25,0.00,11.50,0.0000,233.9,-233.9
Vista Heights,D23B,Sep-23,283.37,11.00,3117.0700,233.9,49.5
Vista Heights,D23B,Sep-24,273.34,11.50,3143.4100,233.9,39.5
Vista Heights,D23B,Sep-25,0.00,11.50,0.0000,233.9,-233.9
Vista Heights,D41,Apr-23,456.00,11.50,5244.0000,635.4,-179.4
Vista Heights,D41,Apr-24,439.90,11.00,4838.9000,635.4,-195.5
Vista Heights,D41,Apr-25,927.80,11.50,10669.7000,635.4,292.4
Vista Heights,D41,Apr-26,663.60,11.50,7631.4000,635.4,28.2
Vista Heights,D41,Aug-23,856.00,11.00,9416.0000,635.4,220.6
Vista Heights,D41,Aug-24,799.00,11.50,9188.5000,635.4,163.6
Vista Heights,D41,Aug-25,822.20,11.50,9455.3000,635.4,186.8
Vista Heights,D41,Dec-24,421.00,11.50,4841.5000,635.4,-214.4
Vista Heights,D41,Dec-25,301.20,11.50,3463.8000,635.4,-334.2
Vista Heights,D41,Feb-24,675.40,11.00,7429.4000,635.4,40.0
Vista Heights,D41,Feb-25,491.30,11.50,5649.9500,635.4,-144.1
Vista Heights,D41,Feb-26,264.10,11.50,3037.1500,635.4,-371.3
Vista Heights,D41,Jan-24,204.70,11.00,2251.7000,635.4,-430.7
Vista Heights,D41,Jan-25,351.00,11.50,4036.5000,635.4,-284.4
Vista Heights,D41,Jan-26,200.90,11.50,2310.3500,635.4,-434.5
Vista Heights,D41,Jul-23,736.80,11.00,8104.8000,635.4,101.4
Vista Heights,D41,Jul-24,911.00,11.50,10476.5000,635.4,275.6
Vista Heights,D41,Jul-25,789.70,11.50,9081.5500,635.4,154.3
Vista Heights,D41,Jun-23,543.30,11.00,5976.3000,635.4,-92.1
Vista Heights,D41,Jun-24,977.00,11.00,10747.0000,635.4,341.6
Vista Heights,D41,Jun-25,692.80,11.50,7967.2000,635.4,57.4
Vista Heights,D41,Jun-26,1090.00,11.50,12535.0000,635.4,454.6
Vista Heights,D41,Mar-24,694.10,11.00,7635.1000,635.4,58.7
Vista Heights,D41,Mar-25,647.20,11.50,7442.8000,635.4,11.8
Vista Heights,D41,Mar-26,514.20,11.50,5913.3000,635.4,-121.2
Vista Heights,D41,May-23,956.00,11.00,10516.0000,635.4,320.6
Vista Heights,D41,May-24,914.00,11.00,10054.0000,635.4,278.6
Vista Heights,D41,May-25,802.90,11.50,9233.3500,635.4,167.5
Vista Heights,D41,May-26,841.50,11.50,9677.2500,635.4,206.1
Vista Heights,D41,Nov-23,525.00,11.00,5775.0000,635.4,-110.4
Vista Heights,D41,Nov-24,671.00,11.50,7716.5000,635.4,35.6
Vista Heights,D41,Nov-25,512.30,11.50,5891.4500,635.4,-123.1
Vista Heights,D41,Oct-23,613.00,11.00,6743.0000,635.4,-22.4
Vista Heights,D41,Oct-25,299.00,11.50,3438.5000,635.4,-336.4
Vista Heights,D41,Sep-23,708.30,11.00,7791.3000,635.4,72.9
Vista Heights,D41,Sep-25,562.20,11.50,6465.3000,635.4,-73.2