property,apartment_code,billing_month,units_consumed,unit_cost,amount,apt_avg_units,deviation_from_avg,billing_period
Vista Heights,A11,Apr-23,0.0,11.5,0.0,122.7,-122.7,2023-04
Vista Heights,A11,Apr-24,0.0,11.0,0.0,122.7,-122.7,2024-04
Vista Heights,A11,Apr-25,0.0,11.5,0.0,122.7,-122.7,2025-04
Vista Heights,A11,Apr-26,539.2,11.5,6200.8,122.7,416.5,2026-04
Vista Heights,A11,Aug-23,0.0,11.0,0.0,122.7,-122.7,2023-08
Vista Heights,A11,Aug-24,0.0,11.5,0.0,122.7,-122.7,2024-08
Vista Heights,A11,Aug-25,261.4,11.5,3006.1,122.7,138.7,2025-08
Vista Heights,A11,Dec-24,0.0,11.5,0.0,122.7,-122.7,2024-12
Vista Heights,A11,Dec-25,236.0,11.5,2714.0,122.7,113.3,2025-12
Vista Heights,A11,Feb-24,0.0,11.0,0.0,122.7,-122.7,2024-02
Vista Heights,A11,Feb-25,0.0,11.5,0.0,122.7,-122.7,2025-02
Vista Heights,A11,Feb-26,303.1,11.5,3485.65,122.7,180.4,2026-02
Vista Heights,A11,Jan-24,0.0,11.0,0.0,122.7,-122.7,2024-01
Vista Heights,A11,Jan-25,0.0,11.5,0.0,122.7,-122.7,2025-01
Vista Heights,A11,Jan-26,194.4,11.5,2235.6,122.7,71.7,2026-01
Vista Heights,A11,Jul-23,65.9,11.0,724.9,122.7,-56.8,2023-07
Vista Heights,A11,Jul-24,0.0,11.5,0.0,122.7,-122.7,2024-07
Vista Heights,A11,Jul-25,0.0,11.5,0.0,122.7,-122.7,2025-07
Vista Heights,A11,Jun-23,0.0,11.0,0.0,122.7,-122.7,2023-06
Vista Heights,A11,Jun-24,0.0,11.0,0.0,122.7,-122.7,2024-06
Vista Heights,A11,Jun-25,0.0,11.5,0.0,122.7,-122.7,2025-06
Vista Heights,A11,Jun-26,641.9,11.5,7381.85,122.7,519.2,2026-06
Vista Heights,A11,Mar-24,0.0,11.0,0.0,122.7,-122.7,2024-03
Vista Heights,A11,Mar-25,0.0,11.5,0.0,122.7,-122.7,2025-03
Vista Heights,A11,Mar-26,505.4,11.5,5812.1,122.7,382.7,2026-03
Vista Heights,A11,May-23,0.0,11.0,0.0,122.7,-122.7,2023-05
Vista Heights,A11,May-24,0.0,11.0,0.0,122.7,-122.7,2024-05
Vista Heights,A11,May-25,0.0,11.5,0.0,122.7,-122.7,2025-05
Vista Heights,A11,May-26,650.6,11.5,7481.9,122.7,527.9,2026-05
Vista Heights,A11,Nov-23,0.0,11.0,0.0,122.7,-122.7,2023-11
Vista Heights,A11,Nov-24,0.0,11.5,0.0,122.7,-122.7,2024-11
Vista Heights,A11,Nov-25,406.1,11.5,4670.15,122.7,283.4,2025-11
Vista Heights,A11,Oct-23,0.0,11.0,0.0,122.7,-122.7,2023-10
Vista Heights,A11,Oct-24,0.0,11.5,0.0,122.7,-122.7,2024-10
Vista Heights,A11,Oct-25,404.7,11.5,4654.05,122.7,282.0,2025-10
Vista Heights,A11,Sep-23,0.0,11.0,0.0,122.7,-122.7,2023-09
Vista Heights,A11,Sep-24,0.0,11.5,0.0,122.7,-122.7,2024-09
Vista Heights,A11,Sep-25,454.1,11.5,5222.15,122.7,331.4,2025-09
Vista Heights,A12,Apr-23,0.0,11.5,0.0,123.4,-123.4,2023-04
Vista Heights,A12,Apr-24,0.0,11.0,0.0,123.4,-123.4,2024-04
Vista Heights,A12,Apr-25,0.0,11.5,0.0,123.4,-123.4,2025-04
Vista Heights,A12,Apr-26,555.7,11.5,6390.55,123.4,432.3,2026-04
Vista Heights,A12,Aug-23,12.3,11.0,135.3,123.4,-111.1,2023-08
Vista Heights,A12,Aug-24,0.0,11.5,0.0,123.4,-123.4,2024-08
Vista Heights,A12,Aug-25,478.3,11.5,5500.45,123.4,354.9,2025-08
Vista Heights,A12,Dec-24,0.0,11.5,0.0,123.4,-123.4,2024-12
Vista Heights,A12,Dec-25,174.4,11.5,2005.6,123.4,51.0,2025-12
Vista Heights,A12,Feb-24,0.0,11.0,0.0,123.4,-123.4,2024-02
Vista Heights,A12,Feb-25,0.0,11.5,0.0,123.4,-123.4,2025-02
Vista Heights,A12,Feb-26,360.7,11.5,4148.05,123.4,237.3,2026-02
Vista Heights,A12,Jan-24,0.0,11.0,0.0,123.4,-123.4,2024-01
Vista Heights,A12,Jan-25,0.0,11.5,0.0,123.4,-123.4,2025-01
Vista Heights,A12,Jan-26,300.5,11.5,3455.75,123.4,177.1,2026-01
Vista Heights,A12,Jul-23,154.0,11.0,1694.0,123.4,30.6,2023-07
Vista Heights,A12,Jul-24,0.0,11.5,0.0,123.4,-123.4,2024-07
Vista Heights,A12,Jul-25,0.0,11.5,0.0,123.4,-123.4,2025-07
Vista Heights,A12,Jun-23,0.0,11.0,0.0,123.4,-123.4,2023-06
Vista Heights,A12,Jun-24,0.0,11.0,0.0,123.4,-123.4,2024-06
Vista Heights,A12,Jun-25,0.0,11.5,0.0,123.4,-123.4,2025-06
Vista Heights,A12,Jun-26,608.9,11.5,7002.35,123.4,485.5,2026-06
Vista Heights,A12,Mar-24,0.0,11.0,0.0,123.4,-123.4,2024-03
Vista Heights,A12,Mar-25,0.0,11.5,0.0,123.4,-123.4,2025-03
Vista Heights,A12,Mar-26,380.4,11.5,4374.6,123.4,257.0,2026-03
Vista Heights,A12,May-23,0.0,11.0,0.0,123.4,-123.4,2023-05
Vista Heights,A12,May-24,0.0,11.0,0.0,123.4,-123.4,2024-05
Vista Heights,A12,May-25,0.0,11.5,0.0,123.4,-123.4,2025-05
Vista Heights,A12,May-26,705.6,11.5,8114.4,123.4,582.2,2026-05
Vista Heights,A12,Nov-23,0.0,11.0,0.0,123.4,-123.4,2023-11
Vista Heights,A12,Nov-24,0.0,11.5,0.0,123.4,-123.4,2024-11
Vista Heights,A12,Nov-25,250.1,11.5,2876.15,123.4,126.7,2025-11
Vista Heights,A12,Oct-23,0.0,11.0,0.0,123.4,-123.4,2023-10
Vista Heights,A12,Oct-24,0.0,11.5,0.0,123.4,-123.4,2024-10
Vista Heights,A12,Oct-25,324.1,11.5,3727.15,123.4,200.7,2025-10
Vista Heights,A12,Sep-23,0.0,11.0,0.0,123.4,-123.4,2023-09
Vista Heights,A12,Sep-24,0.0,11.5,0.0,123.4,-123.4,2024-09
Vista Heights,A12,Sep-25,385.0,11.5,4427.5,123.4,261.6,2025-09
Vista Heights,A22,Apr-23,0.0,11.5,0.0,123.1,-123.1,2023-04
Vista Heights,A22,Apr-24,0.0,11.0,0.0,123.1,-123.1,2024-04
Vista Heights,A22,Apr-25,0.0,11.5,0.0,123.1,-123.1,2025-04
Vista Heights,A22,Aug-23,69.4,11.0,763.4,123.1,-53.7,2023-08
Vista Heights,A22,Aug-24,0.0,11.5,0.0,123.1,-123.1,2024-08
Vista Heights,A22,Aug-25,1364.1,11.5,15687.15,123.1,1241.0,2025-08
Vista Heights,A22,Dec-24,0.0,11.5,0.0,123.1,-123.1,2024-12
Vista Heights,A22,Dec-25,337.5,11.5,3881.25,123.1,214.4,2025-12
Vista Heights,A22,Feb-24,0.0,11.0,0.0,123.1,-123.1,2024-02
Vista Heights,A22,Feb-25,0.0,11.5,0.0,123.1,-123.1,2025-02
Vista Heights,A22,Jan-24,0.0,11.0,0.0,123.1,-123.1,2024-01
Vista Heights,A22,Jan-25,0.0,11.5,0.0,123.1,-123.1,2025-01
Vista Heights,A22,Jul-23,1.0,11.0,11.0,123.1,-122.1,2023-07
Vista Heights,A22,Jul-24,0.0,11.5,0.0,123.1,-123.1,2024-07
Vista Heights,A22,Jul-25,0.0,11.5,0.0,123.1,-123.1,2025-07
Vista Heights,A22,Jun-23,510.0,11.0,5610.0,123.1,386.9,2023-06
Vista Heights,A22,Jun-24,0.0,11.0,0.0,123.1,-123.1,2024-06
Vista Heights,A22,Jun-25,0.0,11.5,0.0,123.1,-123.1,2025-06
Vista Heights,A22,Mar-24,0.0,11.0,0.0,123.1,-123.1,2024-03
Vista Heights,A22,Mar-25,0.0,11.5,0.0,123.1,-123.1,2025-03
Vista Heights,A22,May-23,0.0,11.0,0.0,123.1,-123.1,2023-05
Vista Heights,A22,May-24,0.0,11.0,0.0,123.1,-123.1,2024-05
Vista Heights,A22,May-25,0.0,11.5,0.0,123.1,-123.1,2025-05
Vista Heights,A22,Nov-23,0.0,11.0,0.0,123.1,-123.1,2023-11
Vista Heights,A22,Nov-24,0.0,11.5,0.0,123.1,-123.1,2024-11
Vista Heights,A22,Nov-25,570.4,11.5,6559.6,123.1,447.3,2025-11
Vista Heights,A22,Oct-23,0.0,11.0,0.0,123.1,-123.1,2023-10
Vista Heights,A22,Oct-24,0.0,11.5,0.0,123.1,-123.1,2024-10
Vista Heights,A22,Oct-25,523.4,11.5,6019.1,123.1,400.3,2025-10
Vista Heights,A22,Sep-23,0.0,11.0,0.0,123.1,-123.1,2023-09
Vista Heights,A22,Sep-24,0.0,11.5,0.0,123.1,-123.1,2024-09
Vista Heights,A22,Sep-25,564.1,11.5,6487.15,123.1,441.0,2025-09
Vista Heights,A23,Apr-23,1059.0,11.5,12178.5,760.7,298.3,2023-04
Vista Heights,A23,Apr-24,736.5,11.0,8101.5,760.7,-24.2,2024-04
Vista Heights,A23,Apr-25,1002.3,11.5,11526.45,760.7,241.6,2025-04
Vista Heights,A23,Apr-26,756.2,11.5,8696.3,760.7,-4.5,2026-04
Vista Heights,A23,Aug-23,638.2,11.0,7020.2,760.7,-122.5,2023-08
Vista Heights,A23,Aug-24,1127.0,11.5,12960.5,760.7,366.3,2024-08
Vista Heights,A23,Aug-25,792.3,11.5,9111.45,760.7,31.6,2025-08
Vista Heights,A23,Dec-24,701.5,11.5,8067.25,760.7,-59.2,2024-12
Vista Heights,A23,Dec-25,656.4,11.5,7548.6,760.7,-104.3,2025-12
Vista Heights,A23,Feb-24,543.6,11.0,5979.6,760.7,-217.1,2024-02
Vista Heights,A23,Feb-25,654.2,11.5,7523.3,760.7,-106.5,2025-02
Vista Heights,A23,Feb-26,793.2,11.5,9121.8,760.7,32.5,2026-02
Vista Heights,A23,Jan-24,294.3,11.0,3237.3,760.7,-466.4,2024-01
Vista Heights,A23,Jan-25,762.1,11.5,8764.15,760.7,1.4,2025-01
Vista Heights,A23,Jan-26,643.8,11.5,7403.7,760.7,-116.9,2026-01
Vista Heights,A23,Jul-23,439.8,11.0,4837.8,760.7,-320.9,2023-07
Vista Heights,A23,Jul-24,960.0,11.5,11040.0,760.7,199.3,2024-07
Vista Heights,A23,Jul-25,893.2,11.5,10271.8,760.7,132.5,2025-07
Vista Heights,A23,Jun-23,424.2,11.0,4666.2,760.7,-336.5,2023-06
Vista Heights,A23,Jun-24,605.0,11.0,6655.0,760.7,-155.7,2024-06
Vista Heights,A23,Jun-25,960.5,11.5,11045.75,760.7,199.8,2025-06
Vista Heights,A23,Jun-26,1088.7,11.5,12520.05,760.7,328.0,2026-06
Vista Heights,A23,Mar-24,632.9,11.0,6961.9,760.7,-127.8,2024-03
Vista Heights,A23,Mar-25,925.1,11.5,10638.65,760.7,164.4,2025-03
Vista Heights,A23,Mar-26,818.0,11.5,9407.0,760.7,57.3,2026-03
Vista Heights,A23,May-23,730.0,11.0,8030.0,760.7,-30.7,2023-05
Vista Heights,A23,May-24,792.0,11.0,8712.0,760.7,31.3,2024-05
Vista Heights,A23,May-25,921.3,11.5,10594.95,760.7,160.6,2025-05
Vista Heights,A23,May-26,958.1,11.5,11018.15,760.7,197.4,2026-05
Vista Heights,A23,Nov-23,142.9,11.0,1571.9,760.7,-617.8,2023-11
Vista Heights,A23,Nov-24,931.9,11.5,10716.85,760.7,171.2,2024-11
Vista Heights,A23,Nov-25,730.6,11.5,8401.9,760.7,-30.1,2025-11
Vista Heights,A23,Oct-23,706.6,11.0,7772.6,760.7,-54.1,2023-10
Vista Heights,A23,Oct-24,1149.1,11.5,13214.65,760.7,388.4,2024-10
Vista Heights,A23,Oct-25,600.0,11.5,6900.0,760.7,-160.7,2025-10
Vista Heights,A23,Sep-23,649.2,11.0,7141.2,760.7,-111.5,2023-09
Vista Heights,A23,Sep-24,1032.5,11.5,11873.75,760.7,271.8,2024-09
Vista Heights,A23,Sep-25,656.0,11.5,7544.0,760.7,-104.7,2025-09
Vista Heights,A24,Apr-23,486.0,11.5,5589.0,645.0,-159.0,2023-04
Vista Heights,A24,Apr-24,861.5,11.0,9476.5,645.0,216.5,2024-04
Vista Heights,A24,Apr-25,821.1,11.5,9442.65,645.0,176.1,2025-04
Vista Heights,A24,Apr-26,709.1,11.5,8154.65,645.0,64.1,2026-04
Vista Heights,A24,Aug-23,791.3,11.0,8704.3,645.0,146.3,2023-08
Vista Heights,A24,Aug-24,782.0,11.5,8993.0,645.0,137.0,2024-08
Vista Heights,A24,Aug-25,776.9,11.5,8934.35,645.0,131.9,2025-08
Vista Heights,A24,Dec-24,421.6,11.5,4848.4,645.0,-223.4,2024-12
Vista Heights,A24,Dec-25,272.4,11.5,3132.6,645.0,-372.6,2025-12
Vista Heights,A24,Feb-24,566.4,11.0,6230.4,645.0,-78.6,2024-02
Vista Heights,A24,Feb-25,515.9,11.5,5932.85,645.0,-129.1,2025-02
Vista Heights,A24,Feb-26,534.0,11.5,6141.0,645.0,-111.0,2026-02
Vista Heights,A24,Jan-24,334.5,11.0,3679.5,645.0,-310.5,2024-01
Vista Heights,A24,Jan-25,328.4,11.5,3776.6,645.0,-316.6,2025-01
Vista Heights,A24,Jan-26,294.8,11.5,3390.2,645.0,-350.2,2026-01
Vista Heights,A24,Jul-23,849.7,11.0,9346.7,645.0,204.7,2023-07
Vista Heights,A24,Jul-24,818.0,11.5,9407.0,645.0,173.0,2024-07
Vista Heights,A24,Jul-25,592.6,11.5,6814.9,645.0,-52.4,2025-07
Vista Heights,A24,Jun-23,499.9,11.0,5498.9,645.0,-145.1,2023-06
Vista Heights,A24,Jun-24,882.0,11.0,9702.0,645.0,237.0,2024-06
Vista Heights,A24,Jun-25,693.7,11.5,7977.55,645.0,48.7,2025-06
Vista Heights,A24,Jun-26,1140.4,11.5,13114.6,645.0,495.4,2026-06
Vista Heights,A24,Mar-24,799.4,11.0,8793.4,645.0,154.4,2024-03
Vista Heights,A24,Mar-25,759.9,11.5,8738.85,645.0,114.9,2025-03
Vista Heights,A24,Mar-26,636.4,11.5,7318.6,645.0,-8.6,2026-03
Vista Heights,A24,May-23,567.0,11.0,6237.0,645.0,-78.0,2023-05
Vista Heights,A24,May-24,898.0,11.0,9878.0,645.0,253.0,2024-05
Vista Heights,A24,May-25,661.9,11.5,7611.85,645.0,16.9,2025-05
Vista Heights,A24,May-26,1074.7,11.5,12359.05,645.0,429.7,2026-05
Vista Heights,A24,Nov-23,359.8,11.0,3957.8,645.0,-285.2,2023-11
Vista Heights,A24,Nov-24,579.8,11.5,6667.7,645.0,-65.2,2024-11
Vista Heights,A24,Nov-25,424.9,11.5,4886.35,645.0,-220.1,2025-11
Vista Heights,A24,Oct-23,397.9,11.0,4376.9,645.0,-247.1,2023-10
Vista Heights,A24,Oct-24,769.8,11.5,8852.7,645.0,124.8,2024-10
Vista Heights,A24,Oct-25,468.2,11.5,5384.3,645.0,-176.8,2025-10
Vista Heights,A24,Sep-23,886.1,11.0,9747.1,645.0,241.1,2023-09
Vista Heights,A24,Sep-24,572.9,11.5,6588.35,645.0,-72.1,2024-09
Vista Heights,A24,Sep-25,681.9,11.5,7841.85,645.0,36.9,2025-09
Vista Heights,A41,Apr-23,0.0,11.5,0.0,1047.4,-1047.4,2023-04
Vista Heights,A41,Apr-25,1245.5,11.5,14323.25,1047.4,198.1,2025-04
Vista Heights,A41,Apr-26,1358.0,11.5,15617.0,1047.4,310.6,2026-04
Vista Heights,A41,Aug-24,1352.0,11.5,15548.0,1047.4,304.6,2024-08
Vista Heights,A41,Aug-25,1081.3,11.5,12434.95,1047.4,33.9,2025-08
Vista Heights,A41,Dec-24,821.4,11.5,9446.1,1047.4,-226.0,2024-12
Vista Heights,A41,Dec-25,623.0,11.5,7164.5,1047.4,-424.4,2025-12
Vista Heights,A41,Feb-25,829.4,11.5,9538.1,1047.4,-218.0,2025-02
Vista Heights,A41,Feb-26,664.5,11.5,7641.75,1047.4,-382.9,2026-02
Vista Heights,A41,Jan-25,765.5,11.5,8803.25,1047.4,-281.9,2025-01
Vista Heights,A41,Jan-26,597.9,11.5,6875.85,1047.4,-449.5,2026-01
Vista Heights,A41,Jul-24,1523.0,11.5,17514.5,1047.4,475.6,2024-07
Vista Heights,A41,Jul-25,1246.1,11.5,14330.15,1047.4,198.7,2025-07
Vista Heights,A41,Jun-24,1556.0,11.0,17116.0,1047.4,508.6,2024-06
Vista Heights,A41,Jun-25,1484.8,11.5,17075.2,1047.4,437.4,2025-06
Vista Heights,A41,Jun-26,1302.6,11.5,14979.9,1047.4,255.2,2026-06
Vista Heights,A41,Mar-25,1182.5,11.5,13598.75,1047.4,135.1,2025-03
Vista Heights,A41,Mar-26,958.7,11.5,11025.05,1047.4,-88.7,2026-03
Vista Heights,A41,May-25,1370.4,11.5,15759.6,1047.4,323.0,2025-05
Vista Heights,A41,May-26,1318.4,11.5,15161.6,1047.4,271.0,2026-05
Vista Heights,A41,Nov-24,878.8,11.5,10106.2,1047.4,-168.6,2024-11
Vista Heights,A41,Nov-25,778.2,11.5,8949.3,1047.4,-269.2,2025-11
Vista Heights,A41,Oct-24,993.4,11.5,11424.1,1047.4,-54.0,2024-10
Vista Heights,A41,Oct-25,973.7,11.5,11197.55,1047.4,-73.7,2025-10
Vista Heights,A41,Sep-24,1237.5,11.5,14231.25,1047.4,190.1,2024-09
Vista Heights,A41,Sep-25,1089.1,11.5,12524.65,1047.4,41.7,2025-09
Vista Heights,A44,Apr-23,448.0,11.5,5152.0,907.6,-459.6,2023-04
Vista Heights,A44,Apr-24,1137.2,11.0,12509.2,907.6,229.6,2024-04
Vista Heights,A44,Apr-25,1432.4,11.5,16472.6,907.6,524.8,2025-04
Vista Heights,A44,Apr-26,1052.4,11.5,12102.6,907.6,144.8,2026-04
Vista Heights,A44,Aug-23,850.5,11.0,9355.5,907.6,-57.1,2023-08
Vista Heights,A44,Aug-24,1049.0,11.5,12063.5,907.6,141.4,2024-08
Vista Heights,A44,Aug-25,977.1,11.5,11236.65,907.6,69.5,2025-08
Vista Heights,A44,Dec-24,371.3,11.5,4269.95,907.6,-536.3,2024-12
Vista Heights,A44,Dec-25,564.3,11.5,6489.45,907.6,-343.3,2025-12
Vista Heights,A44,Feb-24,193.2,11.0,2125.2,907.6,-714.4,2024-02
Vista Heights,A44,Feb-25,771.2,11.5,8868.8,907.6,-136.4,2025-02
Vista Heights,A44,Feb-26,676.5,11.5,7779.75,907.6,-231.1,2026-02
Vista Heights,A44,Jan-24,468.3,11.0,5151.3,907.6,-439.3,2024-01
Vista Heights,A44,Jan-25,688.6,11.5,7918.9,907.6,-219.0,2025-01
Vista Heights,A44,Jan-26,535.3,11.5,6155.95,907.6,-372.3,2026-01
Vista Heights,A44,Jul-23,874.6,11.0,9620.6,907.6,-33.0,2023-07
Vista Heights,A44,Jul-24,848.0,11.5,9752.0,907.6,-59.6,2024-07
Vista Heights,A44,Jul-25,893.0,11.5,10269.5,907.6,-14.6,2025-07
Vista Heights,A44,Jun-23,965.9,11.0,10624.9,907.6,58.3,2023-06
Vista Heights,A44,Jun-24,1012.0,11.0,11132.0,907.6,104.4,2024-06
Vista Heights,A44,Jun-25,1311.5,11.5,15082.25,907.6,403.9,2025-06
Vista Heights,A44,Jun-26,1518.5,11.5,17462.75,907.6,610.9,2026-06
Vista Heights,A44,Mar-24,961.6,11.0,10577.6,907.6,54.0,2024-03
Vista Heights,A44,Mar-25,1213.7,11.5,13957.55,907.6,306.1,2025-03
Vista Heights,A44,Mar-26,945.8,11.5,10876.7,907.6,38.2,2026-03
Vista Heights,A44,May-23,1362.0,11.0,14982.0,907.6,454.4,2023-05
Vista Heights,A44,May-24,1222.0,11.0,13442.0,907.6,314.4,2024-05
Vista Heights,A44,May-25,1340.0,11.5,15410.0,907.6,432.4,2025-05
Vista Heights,A44,May-26,1183.0,11.5,13604.5,907.6,275.4,2026-05
Vista Heights,A44,Nov-23,696.8,11.0,7664.8,907.6,-210.8,2023-11
Vista Heights,A44,Nov-24,660.0,11.5,7590.0,907.6,-247.6,2024-11
Vista Heights,A44,Nov-25,783.9,11.5,9014.85,907.6,-123.7,2025-11
Vista Heights,A44,Oct-23,1028.2,11.0,11310.2,907.6,120.6,2023-10
Vista Heights,A44,Oct-24,683.7,11.5,7862.55,907.6,-223.9,2024-10
Vista Heights,A44,Oct-25,623.2,11.5,7166.8,907.6,-284.4,2025-10
Vista Heights,A44,Sep-23,959.0,11.0,10549.0,907.6,51.4,2023-09
Vista Heights,A44,Sep-24,1116.6,11.5,12840.9,907.6,209.0,2024-09
Vista Heights,A44,Sep-25,1069.9,11.5,12303.85,907.6,162.3,2025-09
Vista Heights,B11,Apr-23,374.0,11.5,4301.0,763.6,-389.6,2023-04
Vista Heights,B11,Apr-24,946.7,11.0,10413.7,763.6,183.1,2024-04
Vista Heights,B11,Apr-25,948.9,11.5,10912.35,763.6,185.3,2025-04
Vista Heights,B11,Apr-26,987.2,11.5,11352.8,763.6,223.6,2026-04
Vista Heights,B11,Aug-23,552.9,11.0,6081.9,763.6,-210.7,2023-08
Vista Heights,B11,Aug-24,882.0,11.5,10143.0,763.6,118.4,2024-08
Vista Heights,B11,Aug-25,730.7,11.5,8403.05,763.6,-32.9,2025-08
Vista Heights,B11,Dec-24,496.1,11.5,5705.15,763.6,-267.5,2024-12
Vista Heights,B11,Dec-25,546.8,11.5,6288.2,763.6,-216.8,2025-12
Vista Heights,B11,Feb-24,657.7,11.0,7234.7,763.6,-105.9,2024-02
Vista Heights,B11,Feb-25,574.3,11.5,6604.45,763.6,-189.3,2025-02
Vista Heights,B11,Feb-26,681.4,11.5,7836.1,763.6,-82.2,2026-02
Vista Heights,B11,Jan-24,455.1,11.0,5006.1,763.6,-308.5,2024-01
Vista Heights,B11,Jan-25,423.5,11.5,4870.25,763.6,-340.1,2025-01
Vista Heights,B11,Jan-26,627.1,11.5,7211.65,763.6,-136.5,2026-01
Vista Heights,B11,Jul-23,755.0,11.0,8305.0,763.6,-8.6,2023-07
Vista Heights,B11,Jul-24,704.0,11.5,8096.0,763.6,-59.6,2024-07
Vista Heights,B11,Jul-25,705.1,11.5,8108.65,763.6,-58.5,2025-07
Vista Heights,B11,Jun-23,716.1,11.0,7877.1,763.6,-47.5,2023-06
Vista Heights,B11,Jun-24,762.0,11.0,8382.0,763.6,-1.6,2024-06
Vista Heights,B11,Jun-25,910.3,11.5,10468.45,763.6,146.7,2025-06
Vista Heights,B11,Jun-26,1103.8,11.5,12693.7,763.6,340.2,2026-06
Vista Heights,B11,Mar-24,1002.7,11.0,11029.7,763.6,239.1,2024-03
Vista Heights,B11,Mar-25,838.6,11.5,9643.9,763.6,75.0,2025-03
Vista Heights,B11,Mar-26,1102.2,11.5,12675.3,763.6,338.6,2026-03
Vista Heights,B11,May-23,777.0,11.0,8547.0,763.6,13.4,2023-05
Vista Heights,B11,May-24,1004.0,11.0,11044.0,763.6,240.4,2024-05
Vista Heights,B11,May-25,997.7,11.5,11473.55,763.6,234.1,2025-05
Vista Heights,B11,May-26,1030.4,11.5,11849.6,763.6,266.8,2026-05
Vista Heights,B11,Nov-23,576.0,11.0,6336.0,763.6,-187.6,2023-11
Vista Heights,B11,Nov-24,658.5,11.5,7572.75,763.6,-105.1,2024-11
Vista Heights,B11,Nov-25,905.4,11.5,10412.1,763.6,141.8,2025-11
Vista Heights,B11,Oct-23,662.2,11.0,7284.2,763.6,-101.4,2023-10
Vista Heights,B11,Oct-24,702.5,11.5,8078.75,763.6,-61.1,2024-10
Vista Heights,B11,Oct-25,854.4,11.5,9825.6,763.6,90.8,2025-10
Vista Heights,B11,Sep-23,591.1,11.0,6502.1,763.6,-172.5,2023-09
Vista Heights,B11,Sep-24,869.0,11.5,9993.5,763.6,105.4,2024-09
Vista Heights,B11,Sep-25,906.0,11.5,10419.0,763.6,142.4,2025-09
Vista Heights,B12,Apr-23,542.0,11.5,6233.0,665.8,-123.8,2023-04
Vista Heights,B12,Apr-24,700.0,11.0,7700.0,665.8,34.2,2024-04
Vista Heights,B12,Apr-25,835.4,11.5,9607.1,665.8,169.6,2025-04
Vista Heights,B12,Apr-26,652.6,11.5,7504.9,665.8,-13.2,2026-04
Vista Heights,B12,Aug-23,852.5,11.0,9377.5,665.8,186.7,2023-08
Vista Heights,B12,Aug-24,981.0,11.5,11281.5,665.8,315.2,2024-08
Vista Heights,B12,Aug-25,632.7,11.5,7276.05,665.8,-33.1,2025-08
Vista Heights,B12,Dec-24,602.7,11.5,6931.05,665.8,-63.1,2024-12
Vista Heights,B12,Dec-25,503.0,11.5,5784.5,665.8,-162.8,2025-12
Vista Heights,B12,Feb-24,467.5,11.0,5142.5,665.8,-198.3,2024-02
Vista Heights,B12,Feb-25,644.6,11.5,7412.9,665.8,-21.2,2025-02
Vista Heights,B12,Feb-26,719.4,11.5,8273.1,665.8,53.6,2026-02
Vista Heights,B12,Jan-24,303.3,11.0,3336.3,665.8,-362.5,2024-01
Vista Heights,B12,Jan-25,473.6,11.5,5446.4,665.8,-192.2,2025-01
Vista Heights,B12,Jan-26,537.1,11.5,6176.65,665.8,-128.7,2026-01
Vista Heights,B12,Jul-23,632.6,11.0,6958.6,665.8,-33.2,2023-07
Vista Heights,B12,Jul-24,523.0,11.5,6014.5,665.8,-142.8,2024-07
Vista Heights,B12,Jul-25,892.1,11.5,10259.15,665.8,226.3,2025-07
Vista Heights,B12,Jun-23,625.5,11.0,6880.5,665.8,-40.3,2023-06
Vista Heights,B12,Jun-24,666.0,11.0,7326.0,665.8,0.2,2024-06
Vista Heights,B12,Jun-25,983.6,11.5,11311.4,665.8,317.8,2025-06
Vista Heights,B12,Jun-26,557.9,11.5,6415.85,665.8,-107.9,2026-06
Vista Heights,B12,Mar-24,686.3,11.0,7549.3,665.8,20.5,2024-03
Vista Heights,B12,Mar-25,776.7,11.5,8932.05,665.8,110.9,2025-03
Vista Heights,B12,Mar-26,949.0,11.5,10913.5,665.8,283.2,2026-03
Vista Heights,B12,May-23,1086.0,11.0,11946.0,665.8,420.2,2023-05
Vista Heights,B12,May-24,776.0,11.0,8536.0,665.8,110.2,2024-05
Vista Heights,B12,May-25,800.8,11.5,9209.2,665.8,135.0,2025-05
Vista Heights,B12,May-26,423.7,11.5,4872.55,665.8,-242.1,2026-05
Vista Heights,B12,Nov-23,387.7,11.0,4264.7,665.8,-278.1,2023-11
Vista Heights,B12,Nov-24,596.5,11.5,6859.75,665.8,-69.3,2024-11
Vista Heights,B12,Nov-25,540.3,11.5,6213.45,665.8,-125.5,2025-11
Vista Heights,B12,Oct-23,600.1,11.0,6601.1,665.8,-65.7,2023-10
Vista Heights,B12,Oct-24,624.1,11.5,7177.15,665.8,-41.7,2024-10
Vista Heights,B12,Oct-25,506.3,11.5,5822.45,665.8,-159.5,2025-10
Vista Heights,B12,Sep-23,648.7,11.0,7135.7,665.8,-17.1,2023-09
Vista Heights,B12,Sep-24,860.7,11.5,9898.05,665.8,194.9,2024-09
Vista Heights,B12,Sep-25,711.2,11.5,8178.8,665.8,45.4,2025-09
Vista Heights,B13,Apr-23,395.0,11.5,4542.5,691.1,-296.1,2023-04
Vista Heights,B13,Apr-24,856.1,11.0,9417.1,691.1,165.0,2024-04
Vista Heights,B13,Apr-25,1085.8,11.5,12486.7,691.1,394.7,2025-04
Vista Heights,B13,Apr-26,719.3,11.5,8271.95,691.1,28.2,2026-04
Vista Heights,B13,Aug-23,619.1,11.0,6810.1,691.1,-72.0,2023-08
Vista Heights,B13,Aug-24,580.0,11.5,6670.0,691.1,-111.1,2024-08
Vista Heights,B13,Aug-25,698.0,11.5,8027.0,691.1,6.9,2025-08
Vista Heights,B13,Dec-24,448.3,11.5,5155.45,691.1,-242.8,2024-12
Vista Heights,B13,Dec-25,275.1,11.5,3163.65,691.1,-416.0,2025-12
Vista Heights,B13,Feb-24,545.8,11.0,6003.8,691.1,-145.3,2024-02
Vista Heights,B13,Feb-25,729.2,11.5,8385.8,691.1,38.1,2025-02
Vista Heights,B13,Feb-26,485.3,11.5,5580.95,691.1,-205.8,2026-02
Vista Heights,B13,Jan-24,665.1,11.0,7316.1,691.1,-26.0,2024-01
Vista Heights,B13,Jan-25,514.8,11.5,5920.2,691.1,-176.3,2025-01
Vista Heights,B13,Jan-26,363.1,11.5,4175.65,691.1,-328.0,2026-01
Vista Heights,B13,Jul-23,564.9,11.0,6213.9,691.1,-126.2,2023-07
Vista Heights,B13,Jul-24,784.0,11.5,9016.0,691.1,92.9,2024-07
Vista Heights,B13,Jul-25,851.3,11.5,9789.95,691.1,160.2,2025-07
Vista Heights,B13,Jun-23,740.3,11.0,8143.3,691.1,49.2,2023-06
Vista Heights,B13,Jun-24,754.0,11.0,8294.0,691.1,62.9,2024-06
Vista Heights,B13,Jun-25,883.1,11.5,10155.65,691.1,192.0,2025-06
Vista Heights,B13,Jun-26,1006.5,11.5,11574.75,691.1,315.4,2026-06
Vista Heights,B13,Mar-24,871.6,11.0,9587.6,691.1,180.5,2024-03
Vista Heights,B13,Mar-25,856.2,11.5,9846.3,691.1,165.1,2025-03
Vista Heights,B13,Mar-26,584.5,11.5,6721.75,691.1,-106.6,2026-03
Vista Heights,B13,May-23,612.0,11.0,6732.0,691.1,-79.1,2023-05
Vista Heights,B13,May-24,1187.0,11.0,13057.0,691.1,495.9,2024-05
Vista Heights,B13,May-25,772.4,11.5,8882.6,691.1,81.3,2025-05
Vista Heights,B13,May-26,877.8,11.5,10094.7,691.1,186.7,2026-05
Vista Heights,B13,Nov-23,512.5,11.0,5637.5,691.1,-178.6,2023-11
Vista Heights,B13,Nov-24,540.7,11.5,6218.05,691.1,-150.4,2024-11
Vista Heights,B13,Nov-25,698.8,11.5,8036.2,691.1,7.7,2025-11
Vista Heights,B13,Oct-23,855.8,11.0,9413.8,691.1,164.7,2023-10
Vista Heights,B13,Oct-24,765.5,11.5,8803.25,691.1,74.4,2024-10
Vista Heights,B13,Oct-25,540.9,11.5,6220.35,691.1,-150.2,2025-10
Vista Heights,B13,Sep-23,590.2,11.0,6492.2,691.1,-100.9,2023-09
Vista Heights,B13,Sep-24,639.9,11.5,7358.85,691.1,-51.2,2024-09
Vista Heights,B13,Sep-25,790.1,11.5,9086.15,691.1,99.0,2025-09
Vista Heights,B14,Apr-23,405.0,11.5,4657.5,400.6,4.4,2023-04
Vista Heights,B14,Apr-24,389.0,11.0,4279.0,400.6,-11.6,2024-04
Vista Heights,B14,Apr-25,395.0,11.5,4542.5,400.6,-5.6,2025-04
Vista Heights,B14,Apr-26,470.7,11.5,5413.05,400.6,70.1,2026-04
Vista Heights,B14,Aug-23,464.7,11.0,5111.7,400.6,64.1,2023-08
Vista Heights,B14,Aug-24,552.0,11.5,6348.0,400.6,151.4,2024-08
Vista Heights,B14,Aug-25,505.7,11.5,5815.55,400.6,105.1,2025-08
Vista Heights,B14,Dec-24,200.3,11.5,2303.45,400.6,-200.3,2024-12
Vista Heights,B14,Dec-25,201.7,11.5,2319.55,400.6,-198.9,2025-12
Vista Heights,B14,Feb-24,212.7,11.0,2339.7,400.6,-187.9,2024-02
Vista Heights,B14,Feb-25,0.0,11.5,0.0,400.6,-400.6,2025-02
Vista Heights,B14,Feb-26,212.1,11.5,2439.15,400.6,-188.5,2026-02
Vista Heights,B14,Jan-24,178.1,11.0,1959.1,400.6,-222.5,2024-01
Vista Heights,B14,Jan-25,428.7,11.5,4930.05,400.6,28.1,2025-01
Vista Heights,B14,Jan-26,170.2,11.5,1957.3,400.6,-230.4,2026-01
Vista Heights,B14,Jul-23,316.9,11.0,3485.9,400.6,-83.7,2023-07
Vista Heights,B14,Jul-24,507.0,11.5,5830.5,400.6,106.4,2024-07
Vista Heights,B14,Jul-25,667.1,11.5,7671.65,400.6,266.5,2025-07
Vista Heights,B14,Jun-23,591.5,11.0,6506.5,400.6,190.9,2023-06
Vista Heights,B14,Jun-24,437.0,11.0,4807.0,400.6,36.4,2024-06
Vista Heights,B14,Jun-25,620.6,11.5,7136.9,400.6,220.0,2025-06
Vista Heights,B14,Jun-26,613.9,11.5,7059.85,400.6,213.3,2026-06
Vista Heights,B14,Mar-24,384.5,11.0,4229.5,400.6,-16.1,2024-03
Vista Heights,B14,Mar-25,239.8,11.5,2757.7,400.6,-160.8,2025-03
Vista Heights,B14,Mar-26,362.0,11.5,4163.0,400.6,-38.6,2026-03
Vista Heights,B14,May-23,680.0,11.0,7480.0,400.6,279.4,2023-05
Vista Heights,B14,May-24,411.0,11.0,4521.0,400.6,10.4,2024-05
Vista Heights,B14,May-25,502.3,11.5,5776.45,400.6,101.7,2025-05
Vista Heights,B14,May-26,519.1,11.5,5969.65,400.6,118.5,2026-05
Vista Heights,B14,Nov-23,203.8,11.0,2241.8,400.6,-196.8,2023-11
Vista Heights,B14,Nov-24,352.2,11.5,4050.3,400.6,-48.4,2024-11
Vista Heights,B14,Nov-25,265.2,11.5,3049.8,400.6,-135.4,2025-11
Vista Heights,B14,Oct-23,425.2,11.0,4677.2,400.6,24.6,2023-10
Vista Heights,B14,Oct-24,458.5,11.5,5272.75,400.6,57.9,2024-10
Vista Heights,B14,Oct-25,386.0,11.5,4439.0,400.6,-14.6,2025-10
Vista Heights,B14,Sep-23,409.8,11.0,4507.8,400.6,9.2,2023-09
Vista Heights,B14,Sep-24,509.3,11.5,5856.95,400.6,108.7,2024-09
Vista Heights,B14,Sep-25,574.2,11.5,6603.3,400.6,173.6,2025-09
Vista Heights,B22,Apr-23,0.0,11.5,0.0,407.7,-407.7,2023-04
Vista Heights,B22,Apr-24,460.0,11.0,5060.0,407.7,52.3,2024-04
Vista Heights,B22,Apr-25,434.0,11.5,4991.0,407.7,26.3,2025-04
Vista Heights,B22,Apr-26,362.6,11.5,4169.9,407.7,-45.1,2026-04
Vista Heights,B22,Aug-23,551.1,11.0,6062.1,407.7,143.4,2023-08
Vista Heights,B22,Aug-24,449.0,11.5,5163.5,407.7,41.3,2024-08
Vista Heights,B22,Aug-25,486.6,11.5,5595.9,407.7,78.9,2025-08
Vista Heights,B22,Dec-24,431.9,11.5,4966.85,407.7,24.2,2024-12
Vista Heights,B22,Dec-25,327.6,11.5,3767.4,407.7,-80.1,2025-12
Vista Heights,B22,Feb-24,518.3,11.0,5701.3,407.7,110.6,2024-02
Vista Heights,B22,Feb-25,348.3,11.5,4005.45,407.7,-59.4,2025-02
Vista Heights,B22,Feb-26,300.4,11.5,3454.6,407.7,-107.3,2026-02
Vista Heights,B22,Jan-24,345.4,11.0,3799.4,407.7,-62.3,2024-01
Vista Heights,B22,Jan-25,302.1,11.5,3474.15,407.7,-105.6,2025-01
Vista Heights,B22,Jan-26,313.9,11.5,3609.85,407.7,-93.8,2026-01
Vista Heights,B22,Jul-23,41.3,11.0,454.3,407.7,-366.4,2023-07
Vista Heights,B22,Jul-24,430.0,11.5,4945.0,407.7,22.3,2024-07
Vista Heights,B22,Jul-25,564.1,11.5,6487.15,407.7,156.4,2025-07
Vista Heights,B22,Jun-23,500.0,11.0,5500.0,407.7,92.3,2023-06
Vista Heights,B22,Jun-24,477.0,11.0,5247.0,407.7,69.3,2024-06
Vista Heights,B22,Jun-25,623.0,11.5,7164.5,407.7,215.3,2025-06
Vista Heights,B22,Jun-26,459.0,11.5,5278.5,407.7,51.3,2026-06
Vista Heights,B22,Mar-24,455.5,11.0,5010.5,407.7,47.8,2024-03
Vista Heights,B22,Mar-25,523.1,11.5,6015.65,407.7,115.4,2025-03
Vista Heights,B22,Mar-26,377.2,11.5,4337.8,407.7,-30.5,2026-03
Vista Heights,B22,May-23,0.0,11.0,0.0,407.7,-407.7,2023-05
Vista Heights,B22,May-24,561.0,11.0,6171.0,407.7,153.3,2024-05
Vista Heights,B22,May-25,522.6,11.5,6009.9,407.7,114.9,2025-05
Vista Heights,B22,May-26,428.0,11.5,4922.0,407.7,20.3,2026-05
Vista Heights,B22,Nov-23,487.1,11.0,5358.1,407.7,79.4,2023-11
Vista Heights,B22,Nov-24,297.4,11.5,3420.1,407.7,-110.3,2024-11
Vista Heights,B22,Nov-25,431.9,11.5,4966.85,407.7,24.2,2025-11
Vista Heights,B22,Oct-23,507.2,11.0,5579.2,407.7,99.5,2023-10
Vista Heights,B22,Oct-24,393.2,11.5,4521.8,407.7,-14.5,2024-10
Vista Heights,B22,Oct-25,390.6,11.5,4491.9,407.7,-17.1,2025-10
Vista Heights,B22,Sep-23,499.5,11.0,5494.5,407.7,91.8,2023-09
Vista Heights,B22,Sep-24,423.7,11.5,4872.55,407.7,16.0,2024-09
Vista Heights,B22,Sep-25,469.9,11.5,5403.85,407.7,62.2,2025-09
Vista Heights,B24,Apr-23,412.0,11.5,4738.0,700.8,-288.8,2023-04
Vista Heights,B24,Apr-24,687.1,11.0,7558.1,700.8,-13.7,2024-04
Vista Heights,B24,Apr-25,769.2,11.5,8845.8,700.8,68.4,2025-04
Vista Heights,B24,Apr-26,617.3,11.5,7098.95,700.8,-83.5,2026-04
Vista Heights,B24,Aug-23,777.3,11.0,8550.3,700.8,76.5,2023-08
Vista Heights,B24,Aug-24,881.0,11.5,10131.5,700.8,180.2,2024-08
Vista Heights,B24,Aug-25,878.5,11.5,10102.75,700.8,177.7,2025-08
Vista Heights,B24,Dec-24,57.9,11.5,665.85,700.8,-642.9,2024-12
Vista Heights,B24,Dec-25,396.2,11.5,4556.3,700.8,-304.6,2025-12
Vista Heights,B24,Feb-24,434.2,11.0,4776.2,700.8,-266.6,2024-02
Vista Heights,B24,Feb-25,312.1,11.5,3589.15,700.8,-388.7,2025-02
Vista Heights,B24,Feb-26,434.9,11.5,5001.35,700.8,-265.9,2026-02
Vista Heights,B24,Jan-24,428.3,11.0,4711.3,700.8,-272.5,2024-01
Vista Heights,B24,Jan-25,271.1,11.5,3117.65,700.8,-429.7,2025-01
Vista Heights,B24,Jan-26,302.3,11.5,3476.45,700.8,-398.5,2026-01
Vista Heights,B24,Jul-23,632.1,11.0,6953.1,700.8,-68.7,2023-07
Vista Heights,B24,Jul-24,910.0,11.5,10465.0,700.8,209.2,2024-07
Vista Heights,B24,Jul-25,1219.9,11.5,14028.85,700.8,519.1,2025-07
Vista Heights,B24,Jun-23,808.4,11.0,8892.4,700.8,107.6,2023-06
Vista Heights,B24,Jun-24,929.0,11.0,10219.0,700.8,228.2,2024-06
Vista Heights,B24,Jun-25,1219.7,11.5,14026.55,700.8,518.9,2025-06
Vista Heights,B24,Jun-26,1113.7,11.5,12807.55,700.8,412.9,2026-06
Vista Heights,B24,Mar-24,540.3,11.0,5943.3,700.8,-160.5,2024-03
Vista Heights,B24,Mar-25,658.2,11.5,7569.3,700.8,-42.6,2025-03
Vista Heights,B24,Mar-26,696.9,11.5,8014.35,700.8,-3.9,2026-03
Vista Heights,B24,May-23,629.0,11.0,6919.0,700.8,-71.8,2023-05
Vista Heights,B24,May-24,881.0,11.0,9691.0,700.8,180.2,2024-05
Vista Heights,B24,May-25,1129.7,11.5,12991.55,700.8,428.9,2025-05
Vista Heights,B24,May-26,1090.8,11.5,12544.2,700.8,390.0,2026-05
Vista Heights,B24,Nov-23,478.2,11.0,5260.2,700.8,-222.6,2023-11
Vista Heights,B24,Nov-24,905.9,11.5,10417.85,700.8,205.1,2024-11
Vista Heights,B24,Nov-25,617.4,11.5,7100.1,700.8,-83.4,2025-11
Vista Heights,B24,Oct-23,751.1,11.0,8262.1,700.8,50.3,2023-10
Vista Heights,B24,Oct-24,601.2,11.5,6913.8,700.8,-99.6,2024-10
Vista Heights,B24,Oct-25,902.1,11.5,10374.15,700.8,201.3,2025-10
Vista Heights,B24,Sep-23,664.3,11.0,7307.3,700.8,-36.5,2023-09
Vista Heights,B24,Sep-24,624.4,11.5,7180.6,700.8,-76.4,2024-09
Vista Heights,B24,Sep-25,966.7,11.5,11117.05,700.8,265.9,2025-09
Vista Heights,B31,Apr-23,0.0,11.5,0.0,250.5,-250.5,2023-04
Vista Heights,B31,Apr-25,553.0,11.5,6359.5,250.5,302.5,2025-04
Vista Heights,B31,Apr-26,261.1,11.5,3002.65,250.5,10.6,2026-04
Vista Heights,B31,Aug-24,0.0,11.5,0.0,250.5,-250.5,2024-08
Vista Heights,B31,Aug-25,336.8,11.5,3873.2,250.5,86.3,2025-08
Vista Heights,B31,Dec-24,256.7,11.5,2952.05,250.5,6.2,2024-12
Vista Heights,B31,Dec-25,137.7,11.5,1583.55,250.5,-112.8,2025-12
Vista Heights,B31,Feb-25,275.7,11.5,3170.55,250.5,25.2,2025-02
Vista Heights,B31,Feb-26,184.1,11.5,2117.15,250.5,-66.4,2026-02
Vista Heights,B31,Jan-25,206.2,11.5,2371.3,250.5,-44.3,2025-01
Vista Heights,B31,Jan-26,152.5,11.5,1753.75,250.5,-98.0,2026-01
Vista Heights,B31,Jul-25,409.9,11.5,4713.85,250.5,159.4,2025-07
Vista Heights,B31,Jun-25,555.5,11.5,6388.25,250.5,305.0,2025-06
Vista Heights,B31,Jun-26,197.6,11.5,2272.4,250.5,-52.9,2026-06
Vista Heights,B31,Mar-25,423.0,11.5,4864.5,250.5,172.5,2025-03
Vista Heights,B31,Mar-26,209.0,11.5,2403.5,250.5,-41.5,2026-03
Vista Heights,B31,May-25,476.6,11.5,5480.9,250.5,226.1,2025-05
Vista Heights,B31,May-26,170.8,11.5,1964.2,250.5,-79.7,2026-05
Vista Heights,B31,Nov-24,270.7,11.5,3113.05,250.5,20.2,2024-11
Vista Heights,B31,Nov-25,204.3,11.5,2349.45,250.5,-46.2,2025-11
Vista Heights,B31,Oct-24,96.0,11.5,1104.0,250.5,-154.5,2024-10
Vista Heights,B31,Oct-25,205.2,11.5,2359.8,250.5,-45.3,2025-10
Vista Heights,B31,Sep-24,0.0,11.5,0.0,250.5,-250.5,2024-09
Vista Heights,B31,Sep-25,429.6,11.5,4940.4,250.5,179.1,2025-09
Vista Heights,B32,Apr-23,632.0,11.5,7268.0,776.2,-144.2,2023-04
Vista Heights,B32,Apr-24,744.6,11.0,8190.6,776.2,-31.6,2024-04
Vista Heights,B32,Apr-25,635.1,11.5,7303.65,776.2,-141.1,2025-04
Vista Heights,B32,Apr-26,937.7,11.5,10783.55,776.2,161.5,2026-04
Vista Heights,B32,Aug-23,677.8,11.0,7455.8,776.2,-98.4,2023-08
Vista Heights,B32,Aug-24,792.0,11.5,9108.0,776.2,15.8,2024-08
Vista Heights,B32,Aug-25,820.8,11.5,9439.2,776.2,44.6,2025-08
Vista Heights,B32,Dec-24,716.3,11.5,8237.45,776.2,-59.9,2024-12
Vista Heights,B32,Dec-25,589.0,11.5,6773.5,776.2,-187.2,2025-12
Vista Heights,B32,Feb-24,887.1,11.0,9758.1,776.2,110.9,2024-02
Vista Heights,B32,Feb-25,579.0,11.5,6658.5,776.2,-197.2,2025-02
Vista Heights,B32,Feb-26,685.3,11.5,7880.95,776.2,-90.9,2026-02
Vista Heights,B32,Jan-24,829.0,11.0,9119.0,776.2,52.8,2024-01
Vista Heights,B32,Jan-25,672.1,11.5,7729.15,776.2,-104.1,2025-01
Vista Heights,B32,Jan-26,660.7,11.5,7598.05,776.2,-115.5,2026-01
Vista Heights,B32,Jul-23,734.0,11.0,8074.0,776.2,-42.2,2023-07
Vista Heights,B32,Jul-24,871.0,11.5,10016.5,776.2,94.8,2024-07
Vista Heights,B32,Jul-25,842.4,11.5,9687.6,776.2,66.2,2025-07
Vista Heights,B32,Jun-23,895.2,11.0,9847.2,776.2,119.0,2023-06
Vista Heights,B32,Jun-24,831.0,11.0,9141.0,776.2,54.8,2024-06
Vista Heights,B32,Jun-25,838.3,11.5,9640.45,776.2,62.1,2025-06
Vista Heights,B32,Jun-26,986.4,11.5,11343.6,776.2,210.2,2026-06
Vista Heights,B32,Mar-24,961.0,11.0,10571.0,776.2,184.8,2024-03
Vista Heights,B32,Mar-25,681.8,11.5,7840.7,776.2,-94.4,2025-03
Vista Heights,B32,Mar-26,760.4,11.5,8744.6,776.2,-15.8,2026-03
Vista Heights,B32,May-23,683.0,11.0,7513.0,776.2,-93.2,2023-05
Vista Heights,B32,May-24,977.0,11.0,10747.0,776.2,200.8,2024-05
Vista Heights,B32,May-25,735.4,11.5,8457.1,776.2,-40.8,2025-05
Vista Heights,B32,May-26,1015.5,11.5,11678.25,776.2,239.3,2026-05
Vista Heights,B32,Nov-23,772.5,11.0,8497.5,776.2,-3.7,2023-11
Vista Heights,B32,Nov-24,759.8,11.5,8737.7,776.2,-16.4,2024-11
Vista Heights,B32,Nov-25,641.2,11.5,7373.8,776.2,-135.0,2025-11
Vista Heights,B32,Oct-23,979.6,11.0,10775.6,776.2,203.4,2023-10
Vista Heights,B32,Oct-24,767.9,11.5,8830.85,776.2,-8.3,2024-10
Vista Heights,B32,Oct-25,532.2,11.5,6120.3,776.2,-244.0,2025-10
Vista Heights,B32,Sep-23,918.5,11.0,10103.5,776.2,142.3,2023-09
Vista Heights,B32,Sep-24,649.6,11.5,7470.4,776.2,-126.6,2024-09
Vista Heights,B32,Sep-25,804.1,11.5,9247.15,776.2,27.9,2025-09
Vista Heights,B33,Apr-23,420.0,11.5,4830.0,785.5,-365.5,2023-04
Vista Heights,B33,Apr-24,1084.6,11.0,11930.6,785.5,299.1,2024-04
Vista Heights,B33,Apr-25,939.5,11.5,10804.25,785.5,154.0,2025-04
Vista Heights,B33,Apr-26,612.3,11.5,7041.45,785.5,-173.2,2026-04
Vista Heights,B33,Aug-23,1001.4,11.0,11015.4,785.5,215.9,2023-08
Vista Heights,B33,Aug-24,714.0,11.5,8211.0,785.5,-71.5,2024-08
Vista Heights,B33,Aug-25,664.3,11.5,7639.45,785.5,-121.2,2025-08
Vista Heights,B33,Dec-24,598.4,11.5,6881.6,785.5,-187.1,2024-12
Vista Heights,B33,Dec-25,382.2,11.5,4395.3,785.5,-403.3,2025-12
Vista Heights,B33,Feb-24,514.8,11.0,5662.8,785.5,-270.7,2024-02
Vista Heights,B33,Feb-25,785.6,11.5,9034.4,785.5,0.1,2025-02
Vista Heights,B33,Feb-26,463.8,11.5,5333.7,785.5,-321.7,2026-02
Vista Heights,B33,Jan-24,563.0,11.0,6193.0,785.5,-222.5,2024-01
Vista Heights,B33,Jan-25,592.9,11.5,6818.35,785.5,-192.6,2025-01
Vista Heights,B33,Jan-26,402.8,11.5,4632.2,785.5,-382.7,2026-01
Vista Heights,B33,Jul-23,967.2,11.0,10639.2,785.5,181.7,2023-07
Vista Heights,B33,Jul-24,970.0,11.5,11155.0,785.5,184.5,2024-07
Vista Heights,B33,Jul-25,797.8,11.5,9174.7,785.5,12.3,2025-07
Vista Heights,B33,Jun-23,844.4,11.0,9288.4,785.5,58.9,2023-06
Vista Heights,B33,Jun-24,1233.0,11.0,13563.0,785.5,447.5,2024-06
Vista Heights,B33,Jun-25,942.2,11.5,10835.3,785.5,156.7,2025-06
Vista Heights,B33,Jun-26,923.7,11.5,10622.55,785.5,138.2,2026-06
Vista Heights,B33,Mar-24,888.4,11.0,9772.4,785.5,102.9,2024-03
Vista Heights,B33,Mar-25,993.7,11.5,11427.55,785.5,208.2,2025-03
Vista Heights,B33,Mar-26,570.1,11.5,6556.15,785.5,-215.4,2026-03
Vista Heights,B33,May-23,553.0,11.0,6083.0,785.5,-232.5,2023-05
Vista Heights,B33,May-24,1202.0,11.0,13222.0,785.5,416.5,2024-05
Vista Heights,B33,May-25,1038.8,11.5,11946.2,785.5,253.3,2025-05
Vista Heights,B33,May-26,837.6,11.5,9632.4,785.5,52.1,2026-05
Vista Heights,B33,Nov-23,849.2,11.0,9341.2,785.5,63.7,2023-11
Vista Heights,B33,Nov-24,736.7,11.5,8472.05,785.5,-48.8,2024-11
Vista Heights,B33,Nov-25,448.5,11.5,5157.75,785.5,-337.0,2025-11
Vista Heights,B33,Oct-23,1126.0,11.0,12386.0,785.5,340.5,2023-10
Vista Heights,B33,Oct-24,910.7,11.5,10473.05,785.5,125.2,2024-10
Vista Heights,B33,Oct-25,585.0,11.5,6727.5,785.5,-200.5,2025-10
Vista Heights,B33,Sep-23,979.0,11.0,10769.0,785.5,193.5,2023-09
Vista Heights,B33,Sep-24,923.4,11.5,10619.1,785.5,137.9,2024-09
Vista Heights,B33,Sep-25,788.3,11.5,9065.45,785.5,2.8,2025-09
Vista Heights,B34,Apr-23,501.0,11.5,5761.5,641.3,-140.3,2023-04
Vista Heights,B34,Apr-24,577.0,11.0,6347.0,641.3,-64.3,2024-04
Vista Heights,B34,Apr-25,948.9,11.5,10912.35,641.3,307.6,2025-04
Vista Heights,B34,Apr-26,933.0,11.5,10729.5,641.3,291.7,2026-04
Vista Heights,B34,Aug-23,671.4,11.0,7385.4,641.3,30.1,2023-08
Vista Heights,B34,Aug-24,800.0,11.5,9200.0,641.3,158.7,2024-08
Vista Heights,B34,Aug-25,605.2,11.5,6959.8,641.3,-36.1,2025-08
Vista Heights,B34,Dec-24,462.3,11.5,5316.45,641.3,-179.0,2024-12
Vista Heights,B34,Dec-25,183.6,11.5,2111.4,641.3,-457.7,2025-12
Vista Heights,B34,Feb-24,461.2,11.0,5073.2,641.3,-180.1,2024-02
Vista Heights,B34,Feb-25,458.4,11.5,5271.6,641.3,-182.9,2025-02
Vista Heights,B34,Feb-26,565.3,11.5,6500.95,641.3,-76.0,2026-02
Vista Heights,B34,Jan-24,358.4,11.0,3942.4,641.3,-282.9,2024-01
Vista Heights,B34,Jan-25,458.1,11.5,5268.15,641.3,-183.2,2025-01
Vista Heights,B34,Jan-26,335.8,11.5,3861.7,641.3,-305.5,2026-01
Vista Heights,B34,Jul-23,563.4,11.0,6197.4,641.3,-77.9,2023-07
Vista Heights,B34,Jul-24,567.0,11.5,6520.5,641.3,-74.3,2024-07
Vista Heights,B34,Jul-25,708.1,11.5,8143.15,641.3,66.8,2025-07
Vista Heights,B34,Jun-23,649.2,11.0,7141.2,641.3,7.9,2023-06
Vista Heights,B34,Jun-24,781.0,11.0,8591.0,641.3,139.7,2024-06
Vista Heights,B34,Jun-25,870.7,11.5,10013.05,641.3,229.4,2025-06
Vista Heights,B34,Jun-26,851.1,11.5,9787.65,641.3,209.8,2026-06
Vista Heights,B34,Mar-24,539.9,11.0,5938.9,641.3,-101.4,2024-03
Vista Heights,B34,Mar-25,821.4,11.5,9446.1,641.3,180.1,2025-03
Vista Heights,B34,Mar-26,858.5,11.5,9872.75,641.3,217.2,2026-03
Vista Heights,B34,May-23,621.0,11.0,6831.0,641.3,-20.3,2023-05
Vista Heights,B34,May-24,817.0,11.0,8987.0,641.3,175.7,2024-05
Vista Heights,B34,May-25,932.5,11.5,10723.75,641.3,291.2,2025-05
Vista Heights,B34,May-26,935.9,11.5,10762.85,641.3,294.6,2026-05
Vista Heights,B34,Nov-23,461.7,11.0,5078.7,641.3,-179.6,2023-11
Vista Heights,B34,Nov-24,577.3,11.5,6638.95,641.3,-64.0,2024-11
Vista Heights,B34,Nov-25,474.7,11.5,5459.05,641.3,-166.6,2025-11
Vista Heights,B34,Oct-23,646.5,11.0,7111.5,641.3,5.2,2023-10
Vista Heights,B34,Oct-24,739.0,11.5,8498.5,641.3,97.7,2024-10
Vista Heights,B34,Oct-25,622.4,11.5,7157.6,641.3,-18.9,2025-10
Vista Heights,B34,Sep-23,598.3,11.0,6581.3,641.3,-43.0,2023-09
Vista Heights,B34,Sep-24,744.4,11.5,8560.6,641.3,103.1,2024-09
Vista Heights,B34,Sep-25,667.8,11.5,7679.7,641.3,26.5,2025-09
Vista Heights,B41,Apr-23,880.0,11.5,10120.0,936.5,-56.5,2023-04
Vista Heights,B41,Apr-24,1556.2,11.0,17118.2,936.5,619.7,2024-04
Vista Heights,B41,Apr-25,1029.3,11.5,11836.95,936.5,92.8,2025-04
Vista Heights,B41,Apr-26,963.7,11.5,11082.55,936.5,27.2,2026-04
Vista Heights,B41,Aug-23,862.1,11.0,9483.1,936.5,-74.4,2023-08
Vista Heights,B41,Aug-24,1194.0,11.5,13731.0,936.5,257.5,2024-08
Vista Heights,B41,Aug-25,880.9,11.5,10130.35,936.5,-55.6,2025-08
Vista Heights,B41,Dec-24,622.7,11.5,7161.05,936.5,-313.8,2024-12
Vista Heights,B41,Dec-25,361.3,11.5,4154.95,936.5,-575.2,2025-12
Vista Heights,B41,Feb-24,869.5,11.0,9564.5,936.5,-67.0,2024-02
Vista Heights,B41,Feb-25,650.7,11.5,7483.05,936.5,-285.8,2025-02
Vista Heights,B41,Feb-26,387.1,11.5,4451.65,936.5,-549.4,2026-02
Vista Heights,B41,Jan-24,591.9,11.0,6510.9,936.5,-344.6,2024-01
Vista Heights,B41,Jan-25,761.6,11.5,8758.4,936.5,-174.9,2025-01
Vista Heights,B41,Jan-26,371.7,11.5,4274.55,936.5,-564.8,2026-01
Vista Heights,B41,Jul-23,1076.6,11.0,11842.6,936.5,140.1,2023-07
Vista Heights,B41,Jul-24,1350.0,11.5,15525.0,936.5,413.5,2024-07
Vista Heights,B41,Jul-25,961.6,11.5,11058.4,936.5,25.1,2025-07
Vista Heights,B41,Jun-23,1232.9,11.0,13561.9,936.5,296.4,2023-06
Vista Heights,B41,Jun-24,1554.0,11.0,17094.0,936.5,617.5,2024-06
Vista Heights,B41,Jun-25,599.5,11.5,6894.25,936.5,-337.0,2025-06
Vista Heights,B41,Jun-26,1249.6,11.5,14370.4,936.5,313.1,2026-06
Vista Heights,B41,Mar-24,1097.6,11.0,12073.6,936.5,161.1,2024-03
Vista Heights,B41,Mar-25,1043.2,11.5,11996.8,936.5,106.7,2025-03
Vista Heights,B41,Mar-26,663.0,11.5,7624.5,936.5,-273.5,2026-03
Vista Heights,B41,May-23,1067.0,11.0,11737.0,936.5,130.5,2023-05
Vista Heights,B41,May-24,1617.0,11.0,17787.0,936.5,680.5,2024-05
Vista Heights,B41,May-25,639.5,11.5,7354.25,936.5,-297.0,2025-05
Vista Heights,B41,May-26,1314.9,11.5,15121.35,936.5,378.4,2026-05
Vista Heights,B41,Nov-23,581.2,11.0,6393.2,936.5,-355.3,2023-11
Vista Heights,B41,Nov-24,665.8,11.5,7656.7,936.5,-270.7,2024-11
Vista Heights,B41,Nov-25,587.2,11.5,6752.8,936.5,-349.3,2025-11
Vista Heights,B41,Oct-23,1051.5,11.0,11566.5,936.5,115.0,2023-10
Vista Heights,B41,Oct-24,1224.2,11.5,14078.3,936.5,287.7,2024-10
Vista Heights,B41,Oct-25,777.0,11.5,8935.5,936.5,-159.5,2025-10
Vista Heights,B41,Sep-23,997.1,11.0,10968.1,936.5,60.6,2023-09
Vista Heights,B41,Sep-24,1335.7,11.5,15360.55,936.5,399.2,2024-09
Vista Heights,B41,Sep-25,919.2,11.5,10570.8,936.5,-17.3,2025-09
Vista Heights,B42,Apr-23,708.0,11.5,8142.0,832.9,-124.9,2023-04
Vista Heights,B42,Apr-24,843.7,11.0,9280.7,832.9,10.8,2024-04
Vista Heights,B42,Apr-25,1223.2,11.5,14066.8,832.9,390.3,2025-04
Vista Heights,B42,Apr-26,1045.7,11.5,12025.55,832.9,212.8,2026-04
Vista Heights,B42,Aug-23,727.9,11.0,8006.9,832.9,-105.0,2023-08
Vista Heights,B42,Aug-24,961.0,11.5,11051.5,832.9,128.1,2024-08
Vista Heights,B42,Aug-25,959.1,11.5,11029.65,832.9,126.2,2025-08
Vista Heights,B42,Dec-24,530.7,11.5,6103.05,832.9,-302.2,2024-12
Vista Heights,B42,Dec-25,434.5,11.5,4996.75,832.9,-398.4,2025-12
Vista Heights,B42,Feb-24,663.1,11.0,7294.1,832.9,-169.8,2024-02
Vista Heights,B42,Feb-25,691.4,11.5,7951.1,832.9,-141.5,2025-02
Vista Heights,B42,Feb-26,772.6,11.5,8884.9,832.9,-60.3,2026-02
Vista Heights,B42,Jan-24,414.0,11.0,4554.0,832.9,-418.9,2024-01
Vista Heights,B42,Jan-25,641.6,11.5,7378.4,832.9,-191.3,2025-01
Vista Heights,B42,Jan-26,431.1,11.5,4957.65,832.9,-401.8,2026-01
Vista Heights,B42,Jul-23,653.5,11.0,7188.5,832.9,-179.4,2023-07
Vista Heights,B42,Jul-24,778.0,11.5,8947.0,832.9,-54.9,2024-07
Vista Heights,B42,Jul-25,1232.4,11.5,14172.6,832.9,399.5,2025-07
Vista Heights,B42,Jun-23,844.8,11.0,9292.8,832.9,11.9,2023-06
Vista Heights,B42,Jun-24,936.0,11.0,10296.0,832.9,103.1,2024-06
Vista Heights,B42,Jun-25,1325.8,11.5,15246.7,832.9,492.9,2025-06
Vista Heights,B42,Jun-26,1361.0,11.5,15651.5,832.9,528.1,2026-06
Vista Heights,B42,Mar-24,753.1,11.0,8284.1,832.9,-79.8,2024-03
Vista Heights,B42,Mar-25,936.2,11.5,10766.3,832.9,103.3,2025-03
Vista Heights,B42,Mar-26,832.4,11.5,9572.6,832.9,-0.5,2026-03
Vista Heights,B42,May-23,870.0,11.0,9570.0,832.9,37.1,2023-05
Vista Heights,B42,May-24,1174.0,11.0,12914.0,832.9,341.1,2024-05
Vista Heights,B42,May-25,1278.3,11.5,14700.45,832.9,445.4,2025-05
Vista Heights,B42,May-26,1295.2,11.5,14894.8,832.9,462.3,2026-05
Vista Heights,B42,Nov-23,463.8,11.0,5101.8,832.9,-369.1,2023-11
Vista Heights,B42,Nov-24,611.8,11.5,7035.7,832.9,-221.1,2024-11
Vista Heights,B42,Nov-25,859.5,11.5,9884.25,832.9,26.6,2025-11
Vista Heights,B42,Oct-23,778.6,11.0,8564.6,832.9,-54.3,2023-10
Vista Heights,B42,Oct-24,766.4,11.5,8813.6,832.9,-66.5,2024-10
Vista Heights,B42,Oct-25,344.0,11.5,3956.0,832.9,-488.9,2025-10
Vista Heights,B42,Sep-23,754.0,11.0,8294.0,832.9,-78.9,2023-09
Vista Heights,B42,Sep-24,912.1,11.5,10489.15,832.9,79.2,2024-09
Vista Heights,B42,Sep-25,840.6,11.5,9666.9,832.9,7.7,2025-09
Vista Heights,B43,Apr-23,444.0,11.5,5106.0,752.1,-308.1,2023-04
Vista Heights,B43,Apr-24,908.0,11.0,9988.0,752.1,156.0,2024-04
Vista Heights,B43,Apr-25,959.8,11.5,11037.7,752.1,207.8,2025-04
Vista Heights,B43,Apr-26,806.6,11.5,9275.9,752.1,54.6,2026-04
Vista Heights,B43,Aug-23,828.5,11.0,9113.5,752.1,76.5,2023-08
Vista Heights,B43,Aug-24,967.0,11.5,11120.5,752.1,215.0,2024-08
Vista Heights,B43,Aug-25,576.8,11.5,6633.2,752.1,-175.3,2025-08
Vista Heights,B43,Dec-24,486.3,11.5,5592.45,752.1,-265.8,2024-12
Vista Heights,B43,Dec-25,245.7,11.5,2825.55,752.1,-506.4,2025-12
Vista Heights,B43,Feb-24,837.3,11.0,9210.3,752.1,85.3,2024-02
Vista Heights,B43,Feb-25,548.9,11.5,6312.35,752.1,-203.2,2025-02
Vista Heights,B43,Feb-26,442.0,11.5,5083.0,752.1,-310.1,2026-02
Vista Heights,B43,Jan-24,614.1,11.0,6755.1,752.1,-138.0,2024-01
Vista Heights,B43,Jan-25,479.2,11.5,5510.8,752.1,-272.9,2025-01
Vista Heights,B43,Jan-26,372.8,11.5,4287.2,752.1,-379.3,2026-01
Vista Heights,B43,Jul-23,849.4,11.0,9343.4,752.1,97.4,2023-07
Vista Heights,B43,Jul-24,1049.0,11.5,12063.5,752.1,297.0,2024-07
Vista Heights,B43,Jul-25,685.5,11.5,7883.25,752.1,-66.6,2025-07
Vista Heights,B43,Jun-23,754.9,11.0,8303.9,752.1,2.9,2023-06
Vista Heights,B43,Jun-24,716.0,11.0,7876.0,752.1,-36.1,2024-06
Vista Heights,B43,Jun-25,765.4,11.5,8802.1,752.1,13.4,2025-06
Vista Heights,B43,Jun-26,651.0,11.5,7486.5,752.1,-101.1,2026-06
Vista Heights,B43,Mar-24,1073.6,11.0,11809.6,752.1,321.6,2024-03
Vista Heights,B43,Mar-25,1018.9,11.5,11717.35,752.1,266.9,2025-03
Vista Heights,B43,Mar-26,679.7,11.5,7816.55,752.1,-72.4,2026-03
Vista Heights,B43,May-23,698.0,11.0,7678.0,752.1,-54.1,2023-05
Vista Heights,B43,May-24,1164.0,11.0,12804.0,752.1,412.0,2024-05
Vista Heights,B43,May-25,658.9,11.5,7577.35,752.1,-93.2,2025-05
Vista Heights,B43,May-26,936.0,11.5,10764.0,752.1,184.0,2026-05
Vista Heights,B43,Nov-23,739.5,11.0,8134.5,752.1,-12.6,2023-11
Vista Heights,B43,Nov-24,857.3,11.5,9858.95,752.1,105.3,2024-11
Vista Heights,B43,Nov-25,680.8,11.5,7829.2,752.1,-71.3,2025-11
Vista Heights,B43,Oct-23,955.8,11.0,10513.8,752.1,203.8,2023-10
Vista Heights,B43,Oct-24,675.6,11.5,7769.4,752.1,-76.5,2024-10
Vista Heights,B43,Oct-25,657.0,11.5,7555.5,752.1,-95.1,2025-10
Vista Heights,B43,Sep-23,932.1,11.0,10253.1,752.1,180.1,2023-09
Vista Heights,B43,Sep-24,1137.2,11.5,13077.8,752.1,385.2,2024-09
Vista Heights,B43,Sep-25,725.3,11.5,8340.95,752.1,-26.8,2025-09
Vista Heights,B44,Apr-23,1028.0,11.5,11822.0,895.2,132.8,2023-04
Vista Heights,B44,Apr-24,1311.7,11.0,14428.7,895.2,416.5,2024-04
Vista Heights,B44,Apr-25,987.4,11.5,11355.1,895.2,92.2,2025-04
Vista Heights,B44,Apr-26,559.6,11.5,6435.4,895.2,-335.6,2026-04
Vista Heights,B44,Aug-23,837.2,11.0,9209.2,895.2,-58.0,2023-08
Vista Heights,B44,Aug-24,1211.0,11.5,13926.5,895.2,315.8,2024-08
Vista Heights,B44,Aug-25,1162.2,11.5,13365.3,895.2,267.0,2025-08
Vista Heights,B44,Dec-24,494.9,11.5,5691.35,895.2,-400.3,2024-12
Vista Heights,B44,Dec-25,606.4,11.5,6973.6,895.2,-288.8,2025-12
Vista Heights,B44,Feb-24,840.3,11.0,9243.3,895.2,-54.9,2024-02
Vista Heights,B44,Feb-25,756.5,11.5,8699.75,895.2,-138.7,2025-02
Vista Heights,B44,Feb-26,688.1,11.5,7913.15,895.2,-207.1,2026-02
Vista Heights,B44,Jan-24,377.1,11.0,4148.1,895.2,-518.1,2024-01
Vista Heights,B44,Jan-25,609.4,11.5,7008.1,895.2,-285.8,2025-01
Vista Heights,B44,Jan-26,424.2,11.5,4878.3,895.2,-471.0,2026-01
Vista Heights,B44,Jul-23,851.2,11.0,9363.2,895.2,-44.0,2023-07
Vista Heights,B44,Jul-24,1030.0,11.5,11845.0,895.2,134.8,2024-07
Vista Heights,B44,Jul-25,925.9,11.5,10647.85,895.2,30.7,2025-07
Vista Heights,B44,Jun-23,850.8,11.0,9358.8,895.2,-44.4,2023-06
Vista Heights,B44,Jun-24,979.0,11.0,10769.0,895.2,83.8,2024-06
Vista Heights,B44,Jun-25,1015.9,11.5,11682.85,895.2,120.7,2025-06
Vista Heights,B44,Jun-26,1337.4,11.5,15380.1,895.2,442.2,2026-06
Vista Heights,B44,Mar-24,1130.4,11.0,12434.4,895.2,235.2,2024-03
Vista Heights,B44,Mar-25,957.9,11.5,11015.85,895.2,62.7,2025-03
Vista Heights,B44,Mar-26,720.9,11.5,8290.35,895.2,-174.3,2026-03
Vista Heights,B44,May-23,1255.0,11.0,13805.0,895.2,359.8,2023-05
Vista Heights,B44,May-24,1241.0,11.0,13651.0,895.2,345.8,2024-05
Vista Heights,B44,May-25,992.2,11.5,11410.3,895.2,97.0,2025-05
Vista Heights,B44,May-26,1117.3,11.5,12848.95,895.2,222.1,2026-05
Vista Heights,B44,Nov-23,659.1,11.0,7250.1,895.2,-236.1,2023-11
Vista Heights,B44,Nov-24,529.4,11.5,6088.1,895.2,-365.8,2024-11
Vista Heights,B44,Nov-25,1095.0,11.5,12592.5,895.2,199.8,2025-11
Vista Heights,B44,Oct-23,774.1,11.0,8515.1,895.2,-121.1,2023-10
Vista Heights,B44,Oct-24,907.4,11.5,10435.1,895.2,12.2,2024-10
Vista Heights,B44,Oct-25,875.4,11.5,10067.1,895.2,-19.8,2025-10
Vista Heights,B44,Sep-23,746.9,11.0,8215.9,895.2,-148.3,2023-09
Vista Heights,B44,Sep-24,1034.8,11.5,11900.2,895.2,139.6,2024-09
Vista Heights,B44,Sep-25,1097.9,11.5,12625.85,895.2,202.7,2025-09
Vista Heights,C11,Apr-23,324.0,11.5,3726.0,606.7,-282.7,2023-04
Vista Heights,C11,Apr-24,944.8,11.0,10392.8,606.7,338.1,2024-04
Vista Heights,C11,Apr-25,746.8,11.5,8588.2,606.7,140.1,2025-04
Vista Heights,C11,Apr-26,963.3,11.5,11077.95,606.7,356.6,2026-04
Vista Heights,C11,Aug-23,618.1,11.0,6799.1,606.7,11.4,2023-08
Vista Heights,C11,Aug-24,591.0,11.5,6796.5,606.7,-15.7,2024-08
Vista Heights,C11,Aug-25,643.9,11.5,7404.85,606.7,37.2,2025-08
Vista Heights,C11,Dec-24,382.5,11.5,4398.75,606.7,-224.2,2024-12
Vista Heights,C11,Dec-25,500.0,11.5,5750.0,606.7,-106.7,2025-12
Vista Heights,C11,Feb-24,392.7,11.0,4319.7,606.7,-214.0,2024-02
Vista Heights,C11,Feb-25,404.6,11.5,4652.9,606.7,-202.1,2025-02
Vista Heights,C11,Feb-26,568.4,11.5,6536.6,606.7,-38.3,2026-02
Vista Heights,C11,Jan-24,266.9,11.0,2935.9,606.7,-339.8,2024-01
Vista Heights,C11,Jan-25,422.9,11.5,4863.35,606.7,-183.8,2025-01
Vista Heights,C11,Jan-26,348.6,11.5,4008.9,606.7,-258.1,2026-01
Vista Heights,C11,Jul-23,542.5,11.0,5967.5,606.7,-64.2,2023-07
Vista Heights,C11,Jul-24,568.0,11.5,6532.0,606.7,-38.7,2024-07
Vista Heights,C11,Jul-25,649.3,11.5,7466.95,606.7,42.6,2025-07
Vista Heights,C11,Jun-23,710.9,11.0,7819.9,606.7,104.2,2023-06
Vista Heights,C11,Jun-24,884.0,11.0,9724.0,606.7,277.3,2024-06
Vista Heights,C11,Jun-25,758.7,11.5,8725.05,606.7,152.0,2025-06
Vista Heights,C11,Jun-26,52.6,11.5,604.9,606.7,-554.1,2026-06
Vista Heights,C11,Mar-24,693.5,11.0,7628.5,606.7,86.8,2024-03
Vista Heights,C11,Mar-25,588.3,11.5,6765.45,606.7,-18.4,2025-03
Vista Heights,C11,Mar-26,654.8,11.5,7530.2,606.7,48.1,2026-03
Vista Heights,C11,May-23,719.0,11.0,7909.0,606.7,112.3,2023-05
Vista Heights,C11,May-24,1070.0,11.0,11770.0,606.7,463.3,2024-05
Vista Heights,C11,May-25,571.1,11.5,6567.65,606.7,-35.6,2025-05
Vista Heights,C11,May-26,1290.3,11.5,14838.45,606.7,683.6,2026-05
Vista Heights,C11,Nov-23,447.8,11.0,4925.8,606.7,-158.9,2023-11
Vista Heights,C11,Nov-24,385.1,11.5,4428.65,606.7,-221.6,2024-11
Vista Heights,C11,Nov-25,856.0,11.5,9844.0,606.7,249.3,2025-11
Vista Heights,C11,Oct-23,631.6,11.0,6947.6,606.7,24.9,2023-10
Vista Heights,C11,Oct-24,428.6,11.5,4928.9,606.7,-178.1,2024-10
Vista Heights,C11,Oct-25,589.3,11.5,6776.95,606.7,-17.4,2025-10
Vista Heights,C11,Sep-23,535.6,11.0,5891.6,606.7,-71.1,2023-09
Vista Heights,C11,Sep-24,565.2,11.5,6499.8,606.7,-41.5,2024-09
Vista Heights,C11,Sep-25,745.4,11.5,8572.1,606.7,138.7,2025-09
Vista Heights,C12,Apr-23,496.0,11.5,5704.0,874.4,-378.4,2023-04
Vista Heights,C12,Apr-24,902.15,11.0,9923.65,874.4,27.8,2024-04
Vista Heights,C12,Apr-25,1818.5,11.5,20912.75,874.4,944.1,2025-04
Vista Heights,C12,Apr-26,839.4,11.5,9653.1,874.4,-35.0,2026-04
Vista Heights,C12,Aug-23,731.5,11.0,8046.5,874.4,-142.9,2023-08
Vista Heights,C12,Aug-24,934.0,11.5,10741.0,874.4,59.6,2024-08
Vista Heights,C12,Aug-25,1309.6,11.5,15060.4,874.4,435.2,2025-08
Vista Heights,C12,Dec-24,571.0,11.5,6566.5,874.4,-303.4,2024-12
Vista Heights,C12,Dec-25,331.0,11.5,3806.5,874.4,-543.4,2025-12
Vista Heights,C12,Feb-24,617.85,11.0,6796.35,874.4,-256.5,2024-02
Vista Heights,C12,Feb-25,944.3,11.5,10859.45,874.4,69.9,2025-02
Vista Heights,C12,Feb-26,565.8,11.5,6506.7,874.4,-308.6,2026-02
Vista Heights,C12,Jan-24,551.0,11.0,6061.0,874.4,-323.4,2024-01
Vista Heights,C12,Jan-25,937.7,11.5,10783.55,874.4,63.3,2025-01
Vista Heights,C12,Jan-26,307.5,11.5,3536.25,874.4,-566.9,2026-01
Vista Heights,C12,Jul-23,771.25,11.0,8483.75,874.4,-103.1,2023-07
Vista Heights,C12,Jul-24,853.0,11.5,9809.5,874.4,-21.4,2024-07
Vista Heights,C12,Jul-25,1191.7,11.5,13704.55,874.4,317.3,2025-07
Vista Heights,C12,Jun-23,818.5,11.0,9003.5,874.4,-55.9,2023-06
Vista Heights,C12,Jun-24,886.0,11.0,9746.0,874.4,11.6,2024-06
Vista Heights,C12,Jun-25,1275.4,11.5,14667.1,874.4,401.0,2025-06
Vista Heights,C12,Jun-26,1258.5,11.5,14472.75,874.4,384.1,2026-06
Vista Heights,C12,Mar-24,806.4,11.0,8870.4,874.4,-68.0,2024-03
Vista Heights,C12,Mar-25,1532.3,11.5,17621.45,874.4,657.9,2025-03
Vista Heights,C12,Mar-26,583.9,11.5,6714.85,874.4,-290.5,2026-03
Vista Heights,C12,May-23,935.0,11.0,10285.0,874.4,60.6,2023-05
Vista Heights,C12,May-24,986.0,11.0,10846.0,874.4,111.6,2024-05
Vista Heights,C12,May-25,1792.8,11.5,20617.2,874.4,918.4,2025-05
Vista Heights,C12,May-26,1170.0,11.5,13455.0,874.4,295.6,2026-05
Vista Heights,C12,Nov-23,535.55,11.0,5891.05,874.4,-338.8,2023-11
Vista Heights,C12,Nov-24,666.25,11.5,7661.875,874.4,-208.1,2024-11
Vista Heights,C12,Nov-25,546.8,11.5,6288.2,874.4,-327.6,2025-11
Vista Heights,C12,Oct-23,728.3,11.0,8011.3,874.4,-146.1,2023-10
Vista Heights,C12,Oct-24,840.5,11.5,9665.75,874.4,-33.9,2024-10
Vista Heights,C12,Oct-25,554.2,11.5,6373.3,874.4,-320.2,2025-10
Vista Heights,C12,Sep-23,736.15,11.0,8097.65,874.4,-138.2,2023-09
Vista Heights,C12,Sep-24,942.85,11.5,10842.775,874.4,68.5,2024-09
Vista Heights,C12,Sep-25,957.5,11.5,11011.25,874.4,83.1,2025-09
Vista Heights,C21,Apr-23,514.0,11.5,5911.0,641.3,-127.3,2023-04
Vista Heights,C21,Apr-24,881.0,11.0,9691.0,641.3,239.7,2024-04
Vista Heights,C21,Apr-25,641.8,11.5,7380.7,641.3,0.5,2025-04
Vista Heights,C21,Apr-26,490.0,11.5,5635.0,641.3,-151.3,2026-04
Vista Heights,C21,Aug-23,875.9,11.0,9634.9,641.3,234.6,2023-08
Vista Heights,C21,Aug-24,795.0,11.5,9142.5,641.3,153.7,2024-08
Vista Heights,C21,Aug-25,667.8,11.5,7679.7,641.3,26.5,2025-08
Vista Heights,C21,Dec-24,474.7,11.5,5459.05,641.3,-166.6,2024-12
Vista Heights,C21,Dec-25,196.3,11.5,2257.45,641.3,-445.0,2025-12
Vista Heights,C21,Feb-24,564.8,11.0,6212.8,641.3,-76.5,2024-02
Vista Heights,C21,Feb-25,520.2,11.5,5982.3,641.3,-121.1,2025-02
Vista Heights,C21,Feb-26,266.4,11.5,3063.6,641.3,-374.9,2026-02
Vista Heights,C21,Jan-24,359.2,11.0,3951.2,641.3,-282.1,2024-01
Vista Heights,C21,Jan-25,406.1,11.5,4670.15,641.3,-235.2,2025-01
Vista Heights,C21,Jan-26,248.9,11.5,2862.35,641.3,-392.4,2026-01
Vista Heights,C21,Jul-23,772.9,11.0,8501.9,641.3,131.6,2023-07
Vista Heights,C21,Jul-24,853.0,11.5,9809.5,641.3,211.7,2024-07
Vista Heights,C21,Jul-25,947.4,11.5,10895.1,641.3,306.1,2025-07
Vista Heights,C21,Jun-23,818.4,11.0,9002.4,641.3,177.1,2023-06
Vista Heights,C21,Jun-24,767.0,11.0,8437.0,641.3,125.7,2024-06
Vista Heights,C21,Jun-25,840.1,11.5,9661.15,641.3,198.8,2025-06
Vista Heights,C21,Jun-26,800.5,11.5,9205.75,641.3,159.2,2026-06
Vista Heights,C21,Mar-24,719.7,11.0,7916.7,641.3,78.4,2024-03
Vista Heights,C21,Mar-25,706.1,11.5,8120.15,641.3,64.8,2025-03
Vista Heights,C21,Mar-26,404.0,11.5,4646.0,641.3,-237.3,2026-03
Vista Heights,C21,May-23,690.0,11.0,7590.0,641.3,48.7,2023-05
Vista Heights,C21,May-24,883.0,11.0,9713.0,641.3,241.7,2024-05
Vista Heights,C21,May-25,954.1,11.5,10972.15,641.3,312.8,2025-05
Vista Heights,C21,May-26,770.6,11.5,8861.9,641.3,129.3,2026-05
Vista Heights,C21,Nov-23,493.8,11.0,5431.8,641.3,-147.5,2023-11
Vista Heights,C21,Nov-24,508.1,11.5,5843.15,641.3,-133.2,2024-11
Vista Heights,C21,Nov-25,446.5,11.5,5134.75,641.3,-194.8,2025-11
Vista Heights,C21,Oct-23,873.0,11.0,9603.0,641.3,231.7,2023-10
Vista Heights,C21,Oct-24,553.7,11.5,6367.55,641.3,-87.6,2024-10
Vista Heights,C21,Oct-25,593.7,11.5,6827.55,641.3,-47.6,2025-10
Vista Heights,C21,Sep-23,802.7,11.0,8829.7,641.3,161.4,2023-09
Vista Heights,C21,Sep-24,733.9,11.5,8439.85,641.3,92.6,2024-09
Vista Heights,C21,Sep-25,536.1,11.5,6165.15,641.3,-105.2,2025-09
Vista Heights,C24,Apr-23,0.0,11.5,0.0,553.2,-553.2,2023-04
Vista Heights,C24,Apr-25,298.6,11.5,3433.9,553.2,-254.6,2025-04
Vista Heights,C24,Apr-26,703.1,11.5,8085.65,553.2,149.9,2026-04
Vista Heights,C24,Aug-24,489.0,11.5,5623.5,553.2,-64.2,2024-08
Vista Heights,C24,Aug-25,726.9,11.5,8359.35,553.2,173.7,2025-08
Vista Heights,C24,Dec-24,499.8,11.5,5747.7,553.2,-53.4,2024-12
Vista Heights,C24,Dec-25,428.3,11.5,4925.45,553.2,-124.9,2025-12
Vista Heights,C24,Feb-25,334.9,11.5,3851.35,553.2,-218.3,2025-02
Vista Heights,C24,Feb-26,440.0,11.5,5060.0,553.2,-113.2,2026-02
Vista Heights,C24,Jan-25,351.1,11.5,4037.65,553.2,-202.1,2025-01
Vista Heights,C24,Jan-26,355.3,11.5,4085.95,553.2,-197.9,2026-01
Vista Heights,C24,Jul-24,997.0,11.5,11465.5,553.2,443.8,2024-07
Vista Heights,C24,Jul-25,852.6,11.5,9804.9,553.2,299.4,2025-07
Vista Heights,C24,Jun-24,0.0,11.0,0.0,553.2,-553.2,2024-06
Vista Heights,C24,Jun-25,957.6,11.5,11012.4,553.2,404.4,2025-06
Vista Heights,C24,Jun-26,998.6,11.5,11483.9,553.2,445.4,2026-06
Vista Heights,C24,Mar-25,480.6,11.5,5526.9,553.2,-72.6,2025-03
Vista Heights,C24,Mar-26,416.9,11.5,4794.35,553.2,-136.3,2026-03
Vista Heights,C24,May-25,630.7,11.5,7253.05,553.2,77.5,2025-05
Vista Heights,C24,May-26,934.4,11.5,10745.6,553.2,381.2,2026-05
Vista Heights,C24,Nov-24,486.3,11.5,5592.45,553.2,-66.9,2024-11
Vista Heights,C24,Nov-25,561.4,11.5,6456.1,553.2,8.2,2025-11
Vista Heights,C24,Oct-24,405.5,11.5,4663.25,553.2,-147.7,2024-10
Vista Heights,C24,Oct-25,694.5,11.5,7986.75,553.2,141.3,2025-10
Vista Heights,C24,Sep-24,547.2,11.5,6292.8,553.2,-6.0,2024-09
Vista Heights,C24,Sep-25,794.0,11.5,9131.0,553.2,240.8,2025-09
Vista Heights,C31,Apr-23,609.0,11.5,7003.5,629.7,-20.7,2023-04
Vista Heights,C31,Apr-24,765.7,11.0,8422.7,629.7,136.0,2024-04
Vista Heights,C31,Apr-25,753.9,11.5,8669.85,629.7,124.2,2025-04
Vista Heights,C31,Apr-26,665.2,11.5,7649.8,629.7,35.5,2026-04
Vista Heights,C31,Aug-23,1018.9,11.0,11207.9,629.7,389.2,2023-08
Vista Heights,C31,Aug-24,867.0,11.5,9970.5,629.7,237.3,2024-08
Vista Heights,C31,Aug-25,656.8,11.5,7553.2,629.7,27.1,2025-08
Vista Heights,C31,Dec-24,375.7,11.5,4320.55,629.7,-254.0,2024-12
Vista Heights,C31,Dec-25,216.8,11.5,2493.2,629.7,-412.9,2025-12
Vista Heights,C31,Feb-24,445.0,11.0,4895.0,629.7,-184.7,2024-02
Vista Heights,C31,Feb-25,674.5,11.5,7756.75,629.7,44.8,2025-02
Vista Heights,C31,Feb-26,378.0,11.5,4347.0,629.7,-251.7,2026-02
Vista Heights,C31,Jan-24,313.9,11.0,3452.9,629.7,-315.8,2024-01
Vista Heights,C31,Jan-25,594.4,11.5,6835.6,629.7,-35.3,2025-01
Vista Heights,C31,Jan-26,268.2,11.5,3084.3,629.7,-361.5,2026-01
Vista Heights,C31,Jul-23,823.5,11.0,9058.5,629.7,193.8,2023-07
Vista Heights,C31,Jul-24,835.0,11.5,9602.5,629.7,205.3,2024-07
Vista Heights,C31,Jul-25,401.8,11.5,4620.7,629.7,-227.9,2025-07
Vista Heights,C31,Jun-23,797.0,11.0,8767.0,629.7,167.3,2023-06
Vista Heights,C31,Jun-24,751.0,11.0,8261.0,629.7,121.3,2024-06
Vista Heights,C31,Jun-25,568.1,11.5,6533.15,629.7,-61.6,2025-06
Vista Heights,C31,Jun-26,803.0,11.5,9234.5,629.7,173.3,2026-06
Vista Heights,C31,Mar-24,666.3,11.0,7329.3,629.7,36.6,2024-03
Vista Heights,C31,Mar-25,511.9,11.5,5886.85,629.7,-117.8,2025-03
Vista Heights,C31,Mar-26,524.1,11.5,6027.15,629.7,-105.6,2026-03
Vista Heights,C31,May-23,863.0,11.0,9493.0,629.7,233.3,2023-05
Vista Heights,C31,May-24,903.0,11.0,9933.0,629.7,273.3,2024-05
Vista Heights,C31,May-25,573.8,11.5,6598.7,629.7,-55.9,2025-05
Vista Heights,C31,May-26,707.0,11.5,8130.5,629.7,77.3,2026-05
Vista Heights,C31,Nov-23,647.7,11.0,7124.7,629.7,18.0,2023-11
Vista Heights,C31,Nov-24,490.6,11.5,5641.9,629.7,-139.1,2024-11
Vista Heights,C31,Nov-25,442.6,11.5,5089.9,629.7,-187.1,2025-11
Vista Heights,C31,Oct-23,743.2,11.0,8175.2,629.7,113.5,2023-10
Vista Heights,C31,Oct-24,609.3,11.5,7006.95,629.7,-20.4,2024-10
Vista Heights,C31,Oct-25,340.2,11.5,3912.3,629.7,-289.5,2025-10
Vista Heights,C31,Sep-23,862.6,11.0,9488.6,629.7,232.9,2023-09
Vista Heights,C31,Sep-24,754.8,11.5,8680.2,629.7,125.1,2024-09
Vista Heights,C31,Sep-25,707.7,11.5,8138.55,629.7,78.0,2025-09
Vista Heights,C34,Apr-23,554.0,11.5,6371.0,420.0,134.0,2023-04
Vista Heights,C34,Apr-24,435.7,11.0,4792.7,420.0,15.7,2024-04
Vista Heights,C34,Apr-25,532.3,11.5,6121.45,420.0,112.3,2025-04
Vista Heights,C34,Apr-26,464.2,11.5,5338.3,420.0,44.2,2026-04
Vista Heights,C34,Aug-23,431.9,11.0,4750.9,420.0,11.9,2023-08
Vista Heights,C34,Aug-24,762.0,11.5,8763.0,420.0,342.0,2024-08
Vista Heights,C34,Aug-25,467.4,11.5,5375.1,420.0,47.4,2025-08
Vista Heights,C34,Dec-24,280.8,11.5,3229.2,420.0,-139.2,2024-12
Vista Heights,C34,Dec-25,191.4,11.5,2201.1,420.0,-228.6,2025-12
Vista Heights,C34,Feb-24,288.1,11.0,3169.1,420.0,-131.9,2024-02
Vista Heights,C34,Feb-25,300.5,11.5,3455.75,420.0,-119.5,2025-02
Vista Heights,C34,Feb-26,223.9,11.5,2574.85,420.0,-196.1,2026-02
Vista Heights,C34,Jan-24,0.0,11.0,0.0,420.0,-420.0,2024-01
Vista Heights,C34,Jan-25,268.1,11.5,3083.15,420.0,-151.9,2025-01
Vista Heights,C34,Jan-26,213.6,11.5,2456.4,420.0,-206.4,2026-01
Vista Heights,C34,Jul-23,401.5,11.0,4416.5,420.0,-18.5,2023-07
Vista Heights,C34,Jul-24,703.0,11.5,8084.5,420.0,283.0,2024-07
Vista Heights,C34,Jul-25,645.6,11.5,7424.4,420.0,225.6,2025-07
Vista Heights,C34,Jun-23,260.0,11.0,2860.0,420.0,-160.0,2023-06
Vista Heights,C34,Jun-24,623.0,11.0,6853.0,420.0,203.0,2024-06
Vista Heights,C34,Jun-25,624.9,11.5,7186.35,420.0,204.9,2025-06
Vista Heights,C34,Jun-26,681.2,11.5,7833.8,420.0,261.2,2026-06
Vista Heights,C34,Mar-24,342.2,11.0,3764.2,420.0,-77.8,2024-03
Vista Heights,C34,Mar-25,536.9,11.5,6174.35,420.0,116.9,2025-03
Vista Heights,C34,Mar-26,333.4,11.5,3834.1,420.0,-86.6,2026-03
Vista Heights,C34,May-23,645.0,11.0,7095.0,420.0,225.0,2023-05
Vista Heights,C34,May-24,581.0,11.0,6391.0,420.0,161.0,2024-05
Vista Heights,C34,May-25,536.8,11.5,6173.2,420.0,116.8,2025-05
Vista Heights,C34,May-26,578.2,11.5,6649.3,420.0,158.2,2026-05
Vista Heights,C34,Nov-23,236.6,11.0,2602.6,420.0,-183.4,2023-11
Vista Heights,C34,Nov-24,351.7,11.5,4044.55,420.0,-68.3,2024-11
Vista Heights,C34,Nov-25,268.2,11.5,3084.3,420.0,-151.8,2025-11
Vista Heights,C34,Oct-23,262.5,11.0,2887.5,420.0,-157.5,2023-10
Vista Heights,C34,Oct-24,382.9,11.5,4403.35,420.0,-37.1,2024-10
Vista Heights,C34,Oct-25,339.3,11.5,3901.95,420.0,-80.7,2025-10
Vista Heights,C34,Sep-23,266.8,11.0,2934.8,420.0,-153.2,2023-09
Vista Heights,C34,Sep-24,514.9,11.5,5921.35,420.0,94.9,2024-09
Vista Heights,C34,Sep-25,431.8,11.5,4965.7,420.0,11.8,2025-09
Vista Heights,C41,Apr-23,120.0,11.5,1380.0,714.8,-594.8,2023-04
Vista Heights,C41,Apr-24,647.9,11.0,7126.9,714.8,-66.9,2024-04
Vista Heights,C41,Apr-25,1240.9,11.5,14270.35,714.8,526.1,2025-04
Vista Heights,C41,Apr-26,1141.3,11.5,13124.95,714.8,426.5,2026-04
Vista Heights,C41,Aug-23,0.0,11.0,0.0,714.8,-738.8,2023-08
Vista Heights,C41,Aug-24,868.0,11.5,9982.0,714.8,153.2,2024-08
Vista Heights,C41,Aug-25,971.4,11.5,11171.1,714.8,256.6,2025-08
Vista Heights,C41,Dec-24,772.3,11.5,8881.45,714.8,57.5,2024-12
Vista Heights,C41,Dec-25,436.7,11.5,5022.05,714.8,-278.1,2025-12
Vista Heights,C41,Feb-24,0.0,11.0,0.0,714.8,-714.8,2024-02
Vista Heights,C41,Feb-25,846.9,11.5,9739.35,714.8,132.1,2025-02
Vista Heights,C41,Feb-26,603.7,11.5,6942.55,714.8,-111.1,2026-02
Vista Heights,C41,Jan-24,0.0,11.0,0.0,714.8,-714.8,2024-01
Vista Heights,C41,Jan-25,701.8,11.5,8070.7,714.8,-13.0,2025-01
Vista Heights,C41,Jan-26,473.7,11.5,5447.55,714.8,-241.1,2026-01
Vista Heights,C41,Jul-23,0.0,11.0,0.0,714.8,-714.8,2023-07
Vista Heights,C41,Jul-24,1154.0,11.5,13271.0,714.8,439.2,2024-07
Vista Heights,C41,Jul-25,1079.1,11.5,12409.65,714.8,364.3,2025-07
Vista Heights,C41,Jun-23,0.0,11.0,0.0,714.8,-714.8,2023-06
Vista Heights,C41,Jun-24,1200.0,11.0,13200.0,714.8,485.2,2024-06
Vista Heights,C41,Jun-25,1353.5,11.5,15565.25,714.8,638.7,2025-06
Vista Heights,C41,Jun-26,1450.7,11.5,16683.05,714.8,735.9,2026-06
Vista Heights,C41,Mar-24,41.2,11.0,453.2,714.8,-673.6,2024-03
Vista Heights,C41,Mar-25,1459.3,11.5,16781.95,714.8,744.5,2025-03
Vista Heights,C41,Mar-26,980.5,11.5,11275.75,714.8,265.7,2026-03
Vista Heights,C41,May-23,0.0,11.0,0.0,714.8,-714.8,2023-05
Vista Heights,C41,May-24,1319.0,11.0,14509.0,714.8,604.2,2024-05
Vista Heights,C41,May-25,1226.0,11.5,14099.0,714.8,511.2,2025-05
Vista Heights,C41,May-26,1483.8,11.5,17063.7,714.8,769.0,2026-05
Vista Heights,C41,Nov-23,0.0,11.0,0.0,714.8,-714.8,2023-11
Vista Heights,C41,Nov-24,863.3,11.5,9927.95,714.8,148.5,2024-11
Vista Heights,C41,Nov-25,824.5,11.5,9481.75,714.8,109.7,2025-11
Vista Heights,C41,Oct-23,0.5,11.0,5.5,714.8,-714.3,2023-10
Vista Heights,C41,Oct-24,1069.2,11.5,12295.8,714.8,354.4,2024-10
Vista Heights,C41,Oct-25,825.5,11.5,9493.25,714.8,110.7,2025-10
Vista Heights,C41,Sep-23,0.0,11.0,0.0,714.8,-714.8,2023-09
Vista Heights,C41,Sep-24,868.0,11.5,9982.0,714.8,153.2,2024-09
Vista Heights,C41,Sep-25,1164.8,11.5,13395.2,714.8,450.0,2025-09
Vista Heights,C42,Apr-23,319.0,11.5,3668.5,928.6,-609.6,2023-04
Vista Heights,C42,Apr-24,1293.6,11.0,14229.6,928.6,365.0,2024-04
Vista Heights,C42,Apr-25,1527.7,11.5,17568.55,928.6,599.1,2025-04
Vista Heights,C42,Apr-26,794.8,11.5,9140.2,928.6,-133.8,2026-04
Vista Heights,C42,Aug-23,1017.3,11.0,11190.3,928.6,88.7,2023-08
Vista Heights,C42,Aug-24,1039.0,11.5,11948.5,928.6,110.4,2024-08
Vista Heights,C42,Aug-25,1001.5,11.5,11517.25,928.6,72.9,2025-08
Vista Heights,C42,Dec-24,872.2,11.5,10030.3,928.6,-56.4,2024-12
Vista Heights,C42,Dec-25,694.0,11.5,7981.0,928.6,-234.6,2025-12
Vista Heights,C42,Feb-24,881.0,11.0,9691.0,928.6,-47.6,2024-02
Vista Heights,C42,Feb-25,989.9,11.5,11383.85,928.6,61.3,2025-02
Vista Heights,C42,Feb-26,662.7,11.5,7621.05,928.6,-265.9,2026-02
Vista Heights,C42,Jan-24,374.5,11.0,4119.5,928.6,-554.1,2024-01
Vista Heights,C42,Jan-25,961.2,11.5,11053.8,928.6,32.6,2025-01
Vista Heights,C42,Jan-26,506.8,11.5,5828.2,928.6,-421.8,2026-01
Vista Heights,C42,Jul-23,239.3,11.0,2632.3,928.6,-689.3,2023-07
Vista Heights,C42,Jul-24,1058.0,11.5,12167.0,928.6,129.4,2024-07
Vista Heights,C42,Jul-25,1497.8,11.5,17224.7,928.6,569.2,2025-07
Vista Heights,C42,Jun-23,496.1,11.0,5457.1,928.6,-432.5,2023-06
Vista Heights,C42,Jun-24,876.0,11.0,9636.0,928.6,-52.6,2024-06
Vista Heights,C42,Jun-25,1583.3,11.5,18207.95,928.6,654.7,2025-06
Vista Heights,C42,Jun-26,1016.9,11.5,11694.35,928.6,88.3,2026-06
Vista Heights,C42,Mar-24,1063.2,11.0,11695.2,928.6,134.6,2024-03
Vista Heights,C42,Mar-25,1239.4,11.5,14253.1,928.6,310.8,2025-03
Vista Heights,C42,Mar-26,708.1,11.5,8143.15,928.6,-220.5,2026-03
Vista Heights,C42,May-23,656.0,11.0,7216.0,928.6,-272.6,2023-05
Vista Heights,C42,May-24,1248.0,11.0,13728.0,928.6,319.4,2024-05
Vista Heights,C42,May-25,1490.0,11.5,17135.0,928.6,561.4,2025-05
Vista Heights,C42,May-26,906.4,11.5,10423.6,928.6,-22.2,2026-05
Vista Heights,C42,Nov-23,945.5,11.0,10400.5,928.6,16.9,2023-11
Vista Heights,C42,Nov-24,743.7,11.5,8552.55,928.6,-184.9,2024-11
Vista Heights,C42,Nov-25,919.9,11.5,10578.85,928.6,-8.7,2025-11
Vista Heights,C42,Oct-23,924.1,11.0,10165.1,928.6,-4.5,2023-10
Vista Heights,C42,Oct-24,972.0,11.5,11178.0,928.6,43.4,2024-10
Vista Heights,C42,Oct-25,871.2,11.5,10018.8,928.6,-57.4,2025-10
Vista Heights,C42,Sep-23,917.8,11.0,10095.8,928.6,-10.8,2023-09
Vista Heights,C42,Sep-24,995.3,11.5,11445.95,928.6,66.7,2024-09
Vista Heights,C42,Sep-25,983.7,11.5,11312.55,928.6,55.1,2025-09
Vista Heights,C43,Apr-23,891.0,11.5,10246.5,835.3,55.7,2023-04
Vista Heights,C43,Apr-24,762.1,11.0,8383.1,835.3,-73.2,2024-04
Vista Heights,C43,Apr-25,1098.3,11.5,12630.45,835.3,263.0,2025-04
Vista Heights,C43,Apr-26,1251.7,11.5,14394.55,835.3,416.4,2026-04
Vista Heights,C43,Aug-23,998.9,11.0,10987.9,835.3,163.6,2023-08
Vista Heights,C43,Aug-24,754.0,11.5,8671.0,835.3,-81.3,2024-08
Vista Heights,C43,Aug-25,1076.5,11.5,12379.75,835.3,241.2,2025-08
Vista Heights,C43,Dec-24,560.8,11.5,6449.2,835.3,-274.5,2024-12
Vista Heights,C43,Dec-25,333.6,11.5,3836.4,835.3,-501.7,2025-12
Vista Heights,C43,Feb-24,764.2,11.0,8406.2,835.3,-71.1,2024-02
Vista Heights,C43,Feb-25,707.7,11.5,8138.55,835.3,-127.6,2025-02
Vista Heights,C43,Feb-26,573.8,11.5,6598.7,835.3,-261.5,2026-02
Vista Heights,C43,Jan-24,314.1,11.0,3455.1,835.3,-521.2,2024-01
Vista Heights,C43,Jan-25,607.3,11.5,6983.95,835.3,-228.0,2025-01
Vista Heights,C43,Jan-26,531.3,11.5,6109.95,835.3,-304.0,2026-01
Vista Heights,C43,Jul-23,328.2,11.0,3610.2,835.3,-507.1,2023-07
Vista Heights,C43,Jul-24,924.0,11.5,10626.0,835.3,88.7,2024-07
Vista Heights,C43,Jul-25,899.7,11.5,10346.55,835.3,64.4,2025-07
Vista Heights,C43,Jun-23,580.5,11.0,6385.5,835.3,-254.8,2023-06
Vista Heights,C43,Jun-24,1100.0,11.0,12100.0,835.3,264.7,2024-06
Vista Heights,C43,Jun-25,1047.9,11.5,12050.85,835.3,212.6,2025-06
Vista Heights,C43,Jun-26,967.6,11.5,11127.4,835.3,132.3,2026-06
Vista Heights,C43,Mar-24,722.7,11.0,7949.7,835.3,-112.6,2024-03
Vista Heights,C43,Mar-25,1043.8,11.5,12003.7,835.3,208.5,2025-03
Vista Heights,C43,Mar-26,790.6,11.5,9091.9,835.3,-44.7,2026-03
Vista Heights,C43,May-23,543.0,11.0,5973.0,835.3,-292.3,2023-05
Vista Heights,C43,May-24,1334.0,11.0,14674.0,835.3,498.7,2024-05
Vista Heights,C43,May-25,1106.3,11.5,12722.45,835.3,271.0,2025-05
Vista Heights,C43,May-26,1269.6,11.5,14600.4,835.3,434.3,2026-05
Vista Heights,C43,Nov-23,738.3,11.0,8121.3,835.3,-97.0,2023-11
Vista Heights,C43,Nov-24,631.3,11.5,7259.95,835.3,-204.0,2024-11
Vista Heights,C43,Nov-25,769.5,11.5,8849.25,835.3,-65.8,2025-11
Vista Heights,C43,Oct-23,882.7,11.0,9709.7,835.3,47.4,2023-10
Vista Heights,C43,Oct-24,866.8,11.5,9968.2,835.3,31.5,2024-10
Vista Heights,C43,Oct-25,944.5,11.5,10861.75,835.3,109.2,2025-10
Vista Heights,C43,Sep-23,924.2,11.0,10166.2,835.3,88.9,2023-09
Vista Heights,C43,Sep-24,990.7,11.5,11393.05,835.3,155.4,2024-09
Vista Heights,C43,Sep-25,1110.1,11.5,12766.15,835.3,274.8,2025-09
Vista Heights,C44,Apr-23,776.0,11.5,8924.0,712.3,63.7,2023-04
Vista Heights,C44,Apr-24,679.0,11.0,7469.0,712.3,-33.3,2024-04
Vista Heights,C44,Apr-25,816.9,11.5,9394.35,712.3,104.6,2025-04
Vista Heights,C44,Apr-26,1076.5,11.5,12379.75,712.3,364.2,2026-04
Vista Heights,C44,Aug-23,936.6,11.0,10302.6,712.3,224.3,2023-08
Vista Heights,C44,Aug-24,560.0,11.5,6440.0,712.3,-152.3,2024-08
Vista Heights,C44,Aug-25,987.9,11.5,11360.85,712.3,275.6,2025-08
Vista Heights,C44,Dec-24,303.4,11.5,3489.1,712.3,-408.9,2024-12
Vista Heights,C44,Dec-25,686.0,11.5,7889.0,712.3,-26.3,2025-12
Vista Heights,C44,Feb-24,610.0,11.0,6710.0,712.3,-102.3,2024-02
Vista Heights,C44,Feb-25,531.0,11.5,6106.5,712.3,-181.3,2025-02
Vista Heights,C44,Feb-26,636.4,11.5,7318.6,712.3,-75.9,2026-02
Vista Heights,C44,Jan-24,438.3,11.0,4821.3,712.3,-274.0,2024-01
Vista Heights,C44,Jan-25,358.7,11.5,4125.05,712.3,-353.6,2025-01
Vista Heights,C44,Jan-26,513.7,11.5,5907.55,712.3,-198.6,2026-01
Vista Heights,C44,Jul-23,771.7,11.0,8488.7,712.3,59.4,2023-07
Vista Heights,C44,Jul-24,518.0,11.5,5957.0,712.3,-194.3,2024-07
Vista Heights,C44,Jul-25,887.8,11.5,10209.7,712.3,175.5,2025-07
Vista Heights,C44,Jun-23,202.7,11.0,2229.7,712.3,-509.6,2023-06
Vista Heights,C44,Jun-24,545.0,11.0,5995.0,712.3,-167.3,2024-06
Vista Heights,C44,Jun-25,864.7,11.5,9944.05,712.3,152.4,2025-06
Vista Heights,C44,Jun-26,1006.5,11.5,11574.75,712.3,294.2,2026-06
Vista Heights,C44,Mar-24,558.7,11.0,6145.7,712.3,-153.6,2024-03
Vista Heights,C44,Mar-25,820.2,11.5,9432.3,712.3,107.9,2025-03
Vista Heights,C44,Mar-26,831.2,11.5,9558.8,712.3,118.9,2026-03
Vista Heights,C44,May-23,927.0,11.0,10197.0,712.3,214.7,2023-05
Vista Heights,C44,May-24,1008.0,11.0,11088.0,712.3,295.7,2024-05
Vista Heights,C44,May-25,903.0,11.5,10384.5,712.3,190.7,2025-05
Vista Heights,C44,May-26,1037.4,11.5,11930.1,712.3,325.1,2026-05
Vista Heights,C44,Nov-23,421.0,11.0,4631.0,712.3,-291.3,2023-11
Vista Heights,C44,Nov-24,475.5,11.5,5468.25,712.3,-236.8,2024-11
Vista Heights,C44,Nov-25,801.1,11.5,9212.65,712.3,88.8,2025-11
Vista Heights,C44,Oct-23,940.4,11.0,10344.4,712.3,228.1,2023-10
Vista Heights,C44,Oct-24,611.0,11.5,7026.5,712.3,-101.3,2024-10
Vista Heights,C44,Oct-25,605.2,11.5,6959.8,712.3,-107.1,2025-10
Vista Heights,C44,Sep-23,934.8,11.0,10282.8,712.3,222.5,2023-09
Vista Heights,C44,Sep-24,555.7,11.5,6390.55,712.3,-156.6,2024-09
Vista Heights,C44,Sep-25,929.0,11.5,10683.5,712.3,216.7,2025-09
Vista Heights,D11,Apr-23,479.0,11.5,5508.5,674.3,-195.3,2023-04
Vista Heights,D11,Apr-24,726.0,11.0,7986.0,674.3,51.7,2024-04
Vista Heights,D11,Apr-25,864.3,11.5,9939.45,674.3,190.0,2025-04
Vista Heights,D11,Apr-26,804.5,11.5,9251.75,674.3,130.2,2026-04
Vista Heights,D11,Aug-23,639.71,11.0,7036.81,674.3,-34.6,2023-08
Vista Heights,D11,Aug-24,666.0,11.5,7659.0,674.3,-8.3,2024-08
Vista Heights,D11,Aug-25,961.1,11.5,11052.65,674.3,286.8,2025-08
Vista Heights,D11,Dec-24,401.0,11.5,4611.5,674.3,-273.3,2024-12
Vista Heights,D11,Dec-25,469.4,11.5,5398.1,674.3,-204.9,2025-12
Vista Heights,D11,Feb-24,584.57,11.0,6430.27,674.3,-89.7,2024-02
Vista Heights,D11,Feb-25,504.4,11.5,5800.6,674.3,-169.9,2025-02
Vista Heights,D11,Feb-26,489.1,11.5,5624.65,674.3,-185.2,2026-02
Vista Heights,D11,Jan-24,478.23,11.0,5260.53,674.3,-196.0,2024-01
Vista Heights,D11,Jan-25,547.0,11.5,6290.5,674.3,-127.3,2025-01
Vista Heights,D11,Jan-26,412.9,11.5,4748.35,674.3,-261.4,2026-01
Vista Heights,D11,Jul-23,463.49,11.0,5098.39,674.3,-210.8,2023-07
Vista Heights,D11,Jul-24,712.0,11.5,8188.0,674.3,37.7,2024-07
Vista Heights,D11,Jul-25,941.6,11.5,10828.4,674.3,267.3,2025-07
Vista Heights,D11,Jun-23,508.69,11.0,5595.59,674.3,-165.6,2023-06
Vista Heights,D11,Jun-24,800.0,11.0,8800.0,674.3,125.7,2024-06
Vista Heights,D11,Jun-25,1077.3,11.5,12388.95,674.3,403.0,2025-06
Vista Heights,D11,Jun-26,930.7,11.5,10703.05,674.3,256.4,2026-06
Vista Heights,D11,Mar-24,784.91,11.0,8634.01,674.3,110.6,2024-03
Vista Heights,D11,Mar-25,817.7,11.5,9403.55,674.3,143.4,2025-03
Vista Heights,D11,Mar-26,676.3,11.5,7777.45,674.3,2.0,2026-03
Vista Heights,D11,May-23,618.0,11.0,6798.0,674.3,-56.3,2023-05
Vista Heights,D11,May-24,916.0,11.0,10076.0,674.3,241.7,2024-05
Vista Heights,D11,May-25,998.7,11.5,11485.05,674.3,324.4,2025-05
Vista Heights,D11,May-26,1074.1,11.5,12352.15,674.3,399.8,2026-05
Vista Heights,D11,Nov-23,398.63,11.0,4384.93,674.3,-275.6,2023-11
Vista Heights,D11,Nov-24,418.3,11.5,4810.45,674.3,-256.0,2024-11
Vista Heights,D11,Nov-25,741.8,11.5,8530.7,674.3,67.5,2025-11
Vista Heights,D11,Oct-23,517.49,11.0,5692.39,674.3,-156.8,2023-10
Vista Heights,D11,Oct-24,455.26,11.5,5235.49,674.3,-219.0,2024-10
Vista Heights,D11,Oct-25,722.0,11.5,8303.0,674.3,47.7,2025-10
Vista Heights,D11,Sep-23,531.43,11.0,5845.73,674.3,-142.8,2023-09
Vista Heights,D11,Sep-24,598.0,11.5,6877.0,674.3,-76.3,2024-09
Vista Heights,D11,Sep-25,892.9,11.5,10268.35,674.3,218.6,2025-09
Vista Heights,D12,Apr-23,1970.0,11.5,22655.0,513.5,1456.5,2023-04
Vista Heights,D12,Apr-24,520.6,11.0,5726.6,513.5,7.1,2024-04
Vista Heights,D12,Apr-25,644.7,11.5,7414.05,513.5,131.2,2025-04
Vista Heights,D12,Apr-26,459.3,11.5,5281.95,513.5,-54.2,2026-04
Vista Heights,D12,Aug-23,507.7,11.0,5584.7,513.5,-5.8,2023-08
Vista Heights,D12,Aug-24,529.0,11.5,6083.5,513.5,15.5,2024-08
Vista Heights,D12,Aug-25,468.8,11.5,5391.2,513.5,-44.7,2025-08
Vista Heights,D12,Dec-24,409.1,11.5,4704.65,513.5,-104.4,2024-12
Vista Heights,D12,Dec-25,195.2,11.5,2244.8,513.5,-318.3,2025-12
Vista Heights,D12,Feb-24,384.4,11.0,4228.4,513.5,-129.1,2024-02
Vista Heights,D12,Feb-25,494.8,11.5,5690.2,513.5,-18.7,2025-02
Vista Heights,D12,Feb-26,352.2,11.5,4050.3,513.5,-161.3,2026-02
Vista Heights,D12,Jan-24,172.8,11.0,1900.8,513.5,-340.7,2024-01
Vista Heights,D12,Jan-25,335.7,11.5,3860.55,513.5,-177.8,2025-01
Vista Heights,D12,Jan-26,207.7,11.5,2388.55,513.5,-305.8,2026-01
Vista Heights,D12,Jul-23,0.0,11.0,0.0,513.5,-513.5,2023-07
Vista Heights,D12,Jul-24,586.0,11.5,6739.0,513.5,72.5,2024-07
Vista Heights,D12,Jul-25,735.4,11.5,8457.1,513.5,221.9,2025-07
Vista Heights,D12,Jun-23,0.0,11.0,0.0,513.5,-513.5,2023-06
Vista Heights,D12,Jun-24,763.0,11.0,8393.0,513.5,249.5,2024-06
Vista Heights,D12,Jun-25,726.8,11.5,8358.2,513.5,213.3,2025-06
Vista Heights,D12,Jun-26,709.9,11.5,8163.85,513.5,196.4,2026-06
Vista Heights,D12,Mar-24,520.2,11.0,5722.2,513.5,6.7,2024-03
Vista Heights,D12,Mar-25,626.5,11.5,7204.75,513.5,113.0,2025-03
Vista Heights,D12,Mar-26,488.5,11.5,5617.75,513.5,-25.0,2026-03
Vista Heights,D12,May-23,0.0,11.0,0.0,513.5,-513.5,2023-05
Vista Heights,D12,May-24,810.0,11.0,8910.0,513.5,296.5,2024-05
Vista Heights,D12,May-25,650.8,11.5,7484.2,513.5,137.3,2025-05
Vista Heights,D12,May-26,469.9,11.5,5403.85,513.5,-43.6,2026-05
Vista Heights,D12,Nov-23,431.7,11.0,4748.7,513.5,-81.8,2023-11
Vista Heights,D12,Nov-24,549.7,11.5,6321.55,513.5,36.2,2024-11
Vista Heights,D12,Nov-25,361.3,11.5,4154.95,513.5,-152.2,2025-11
Vista Heights,D12,Oct-23,490.5,11.0,5395.5,513.5,-23.0,2023-10
Vista Heights,D12,Oct-24,570.8,11.5,6564.2,513.5,57.3,2024-10
Vista Heights,D12,Oct-25,491.1,11.5,5647.65,513.5,-22.4,2025-10
Vista Heights,D12,Sep-23,679.6,11.0,7475.6,513.5,166.1,2023-09
Vista Heights,D12,Sep-24,684.4,11.5,7870.6,513.5,170.9,2024-09
Vista Heights,D12,Sep-25,513.6,11.5,5906.4,513.5,0.1,2025-09
Vista Heights,D13A,Apr-23,0.0,11.5,0.0,509.5,-509.5,2023-04
Vista Heights,D13A,Apr-25,0.0,11.5,0.0,509.5,-509.5,2025-04
Vista Heights,D13A,Aug-24,0.0,11.5,0.0,509.5,-509.5,2024-08
Vista Heights,D13A,Aug-25,9258.6,11.5,106473.9,509.5,8749.1,2025-08
Vista Heights,D13A,Dec-24,0.0,11.5,0.0,509.5,-509.5,2024-12
Vista Heights,D13A,Dec-25,253.9,11.5,2919.85,509.5,-255.6,2025-12
Vista Heights,D13A,Feb-25,0.0,11.5,0.0,509.5,-509.5,2025-02
Vista Heights,D13A,Feb-26,52.7,11.5,606.05,509.5,-456.8,2026-02
Vista Heights,D13A,Jan-25,0.0,11.5,0.0,509.5,-509.5,2025-01
Vista Heights,D13A,Jan-26,238.9,11.5,2747.35,509.5,-270.6,2026-01
Vista Heights,D13A,Jul-24,0.0,11.5,0.0,509.5,-509.5,2024-07
Vista Heights,D13A,Jul-25,0.0,11.5,0.0,509.5,-509.5,2025-07
Vista Heights,D13A,Jun-24,0.0,11.0,0.0,509.5,-509.5,2024-06
Vista Heights,D13A,Jun-25,0.0,11.5,0.0,509.5,-509.5,2025-06
Vista Heights,D13A,Mar-25,0.0,11.5,0.0,509.5,-509.5,2025-03
Vista Heights,D13A,May-25,0.0,11.5,0.0,509.5,-509.5,2025-05
Vista Heights,D13A,Nov-24,0.0,11.5,0.0,509.5,-509.5,2024-11
Vista Heights,D13A,Nov-25,576.9,11.5,6634.35,509.5,67.4,2025-11
Vista Heights,D13A,Oct-24,0.0,11.5,0.0,509.5,-509.5,2024-10
Vista Heights,D13A,Oct-25,529.7,11.5,6091.55,509.5,20.2,2025-10
Vista Heights,D13A,Sep-24,0.0,11.5,0.0,509.5,-509.5,2024-09
Vista Heights,D13A,Sep-25,298.7,11.5,3435.05,509.5,-210.8,2025-09
Vista Heights,D13B,Apr-23,568.0,11.5,6532.0,270.1,297.9,2023-04
Vista Heights,D13B,Apr-24,544.5,11.0,5989.5,270.1,274.4,2024-04
Vista Heights,D13B,Apr-25,0.0,11.5,0.0,270.1,-270.1,2025-04
Vista Heights,D13B,Aug-23,479.79,11.0,5277.69,270.1,209.7,2023-08
Vista Heights,D13B,Aug-24,500.0,11.5,5750.0,270.1,229.9,2024-08
Vista Heights,D13B,Aug-25,0.0,11.5,0.0,270.1,-270.1,2025-08
Vista Heights,D13B,Dec-24,544.0,11.5,6256.0,270.1,273.9,2024-12
Vista Heights,D13B,Dec-25,0.0,11.5,0.0,270.1,-270.1,2025-12
Vista Heights,D13B,Feb-24,438.43,11.0,4822.73,270.1,168.4,2024-02
Vista Heights,D13B,Feb-25,0.0,11.5,0.0,270.1,-270.1,2025-02
Vista Heights,D13B,Feb-26,0.0,11.5,0.0,270.1,-270.1,2026-02
Vista Heights,D13B,Jan-24,358.67,11.0,3945.37,270.1,88.6,2024-01
Vista Heights,D13B,Jan-25,0.0,11.5,0.0,270.1,-270.1,2025-01
Vista Heights,D13B,Jan-26,0.0,11.5,0.0,270.1,-270.1,2026-01
Vista Heights,D13B,Jul-23,347.61,11.0,3823.71,270.1,77.5,2023-07
Vista Heights,D13B,Jul-24,534.0,11.5,6141.0,270.1,263.9,2024-07
Vista Heights,D13B,Jul-25,0.0,11.5,0.0,270.1,-270.1,2025-07
Vista Heights,D13B,Jun-23,382.01,11.0,4202.11,270.1,111.9,2023-06
Vista Heights,D13B,Jun-24,600.0,11.0,6600.0,270.1,329.9,2024-06
Vista Heights,D13B,Jun-25,0.0,11.5,0.0,270.1,-270.1,2025-06
Vista Heights,D13B,Mar-24,588.69,11.0,6475.59,270.1,318.6,2024-03
Vista Heights,D13B,Mar-25,0.0,11.5,0.0,270.1,-270.1,2025-03
Vista Heights,D13B,May-23,463.0,11.0,5093.0,270.1,192.9,2023-05
Vista Heights,D13B,May-24,687.0,11.0,7557.0,270.1,416.9,2024-05
Vista Heights,D13B,May-25,0.0,11.5,0.0,270.1,-270.1,2025-05
Vista Heights,D13B,Nov-23,298.97,11.0,3288.67,270.1,28.9,2023-11
Vista Heights,D13B,Nov-24,270.94,11.5,3115.81,270.1,0.9,2024-11
Vista Heights,D13B,Nov-25,0.0,11.5,0.0,270.1,-270.1,2025-11
Vista Heights,D13B,Oct-23,388.11,11.0,4269.21,270.1,118.0,2023-10
Vista Heights,D13B,Oct-24,342.14,11.5,3934.61,270.1,72.1,2024-10
Vista Heights,D13B,Oct-25,0.0,11.5,0.0,270.1,-270.1,2025-10
Vista Heights,D13B,Sep-23,398.57,11.0,4384.27,270.1,128.5,2023-09
Vista Heights,D13B,Sep-24,447.8,11.5,5149.7,270.1,177.7,2024-09
Vista Heights,D13B,Sep-25,0.0,11.5,0.0,270.1,-270.1,2025-09
Vista Heights,D15,Jun-26,164.0,11.5,1886.0,133.7,30.4,2026-06
Vista Heights,D15,May-26,103.3,11.5,1187.95,133.7,-30.4,2026-05
Vista Heights,D21,Apr-23,548.0,11.5,6302.0,493.1,54.9,2023-04
Vista Heights,D21,Apr-24,258.23,11.0,2840.53,493.1,-234.9,2024-04
Vista Heights,D21,Apr-25,703.0,11.5,8084.5,493.1,209.9,2025-04
Vista Heights,D21,Apr-26,557.1,11.5,6406.65,493.1,64.0,2026-04
Vista Heights,D21,Aug-23,0.0,11.0,0.0,493.1,-493.1,2023-08
Vista Heights,D21,Aug-24,357.0,11.5,4105.5,493.1,-136.1,2024-08
Vista Heights,D21,Aug-25,799.1,11.5,9189.65,493.1,306.0,2025-08
Vista Heights,D21,Dec-24,255.0,11.5,2932.5,493.1,-238.1,2024-12
Vista Heights,D21,Dec-25,394.2,11.5,4533.3,493.1,-98.9,2025-12
Vista Heights,D21,Feb-24,388.1,11.0,4269.1,493.1,-105.0,2024-02
Vista Heights,D21,Feb-25,609.0,11.5,7003.5,493.1,115.9,2025-02
Vista Heights,D21,Feb-26,377.9,11.5,4345.85,493.1,-115.2,2026-02
Vista Heights,D21,Jan-24,244.8,11.0,2692.8,493.1,-248.3,2024-01
Vista Heights,D21,Jan-25,469.7,11.5,5401.55,493.1,-23.4,2025-01
Vista Heights,D21,Jan-26,258.7,11.5,2975.05,493.1,-234.4,2026-01
Vista Heights,D21,Jul-23,0.0,11.0,0.0,493.1,-493.1,2023-07
Vista Heights,D21,Jul-24,258.0,11.5,2967.0,493.1,-235.1,2024-07
Vista Heights,D21,Jul-25,824.4,11.5,9480.6,493.1,331.3,2025-07
Vista Heights,D21,Jun-23,0.0,11.0,0.0,493.1,-493.1,2023-06
Vista Heights,D21,Jun-24,302.0,11.0,3322.0,493.1,-191.1,2024-06
Vista Heights,D21,Jun-25,1214.2,11.5,13963.3,493.1,721.1,2025-06
Vista Heights,D21,Jun-26,959.7,11.5,11036.55,493.1,466.6,2026-06
Vista Heights,D21,Mar-24,301.89,11.0,3320.79,493.1,-191.2,2024-03
Vista Heights,D21,Mar-25,716.7,11.5,8242.05,493.1,223.6,2025-03
Vista Heights,D21,Mar-26,664.4,11.5,7640.6,493.1,171.3,2026-03
Vista Heights,D21,May-23,0.0,11.0,0.0,493.1,-493.1,2023-05
Vista Heights,D21,May-24,357.0,11.0,3927.0,493.1,-136.1,2024-05
Vista Heights,D21,May-25,586.2,11.5,6741.3,493.1,93.1,2025-05
Vista Heights,D21,May-26,948.8,11.5,10911.2,493.1,455.7,2026-05
Vista Heights,D21,Nov-23,518.4,11.0,5702.4,493.1,25.3,2023-11
Vista Heights,D21,Nov-24,387.77,11.5,4459.355,493.1,-105.3,2024-11
Vista Heights,D21,Nov-25,805.3,11.5,9260.95,493.1,312.2,2025-11
Vista Heights,D21,Oct-23,715.7,11.0,7872.7,493.1,222.6,2023-10
Vista Heights,D21,Oct-24,392.35,11.5,4512.025,493.1,-100.7,2024-10
Vista Heights,D21,Oct-25,703.8,11.5,8093.7,493.1,210.7,2025-10
Vista Heights,D21,Sep-23,661.3,11.0,7274.3,493.1,168.2,2023-09
Vista Heights,D21,Sep-24,365.45,11.5,4202.675,493.1,-127.6,2024-09
Vista Heights,D21,Sep-25,834.4,11.5,9595.6,493.1,341.3,2025-09
Vista Heights,D23B,Apr-23,0.0,11.5,0.0,233.9,-233.9,2023-04
Vista Heights,D23B,Apr-24,193.67,11.0,2130.37,233.9,-40.2,2024-04
Vista Heights,D23B,Apr-25,0.0,11.5,0.0,233.9,-233.9,2025-04
Vista Heights,D23B,Aug-23,3801.04,11.0,41811.44,233.9,3567.2,2023-08
Vista Heights,D23B,Aug-24,299.0,11.5,3438.5,233.9,65.1,2024-08
Vista Heights,D23B,Aug-25,0.0,11.5,0.0,233.9,-233.9,2025-08
Vista Heights,D23B,Dec-24,577.0,11.5,6635.5,233.9,343.1,2024-12
Vista Heights,D23B,Dec-25,0.0,11.5,0.0,233.9,-233.9,2025-12
Vista Heights,D23B,Feb-24,166.33,11.0,1829.63,233.9,-67.6,2024-02
Vista Heights,D23B,Feb-25,0.0,11.5,0.0,233.9,-233.9,2025-02
Vista Heights,D23B,Feb-26,0.0,11.5,0.0,233.9,-233.9,2026-02
Vista Heights,D23B,Jan-24,104.91,11.0,1154.01,233.9,-129.0,2024-01
Vista Heights,D23B,Jan-25,0.0,11.5,0.0,233.9,-233.9,2025-01
Vista Heights,D23B,Jan-26,0.0,11.5,0.0,233.9,-233.9,2026-01
Vista Heights,D23B,Jul-23,0.0,11.0,0.0,233.9,-233.9,2023-07
Vista Heights,D23B,Jul-24,261.0,11.5,3001.5,233.9,27.1,2024-07
Vista Heights,D23B,Jul-25,0.0,11.5,0.0,233.9,-233.9,2025-07
Vista Heights,D23B,Jun-23,0.0,11.0,0.0,233.9,-233.9,2023-06
Vista Heights,D23B,Jun-24,384.0,11.0,4224.0,233.9,150.1,2024-06
Vista Heights,D23B,Jun-25,0.0,11.5,0.0,233.9,-233.9,2025-06
Vista Heights,D23B,Mar-24,226.41,11.0,2490.51,233.9,-7.5,2024-03
Vista Heights,D23B,Mar-25,0.0,11.5,0.0,233.9,-233.9,2025-03
Vista Heights,D23B,May-23,0.0,11.0,0.0,233.9,-233.9,2023-05
Vista Heights,D23B,May-24,268.0,11.0,2948.0,233.9,34.1,2024-05
Vista Heights,D23B,May-25,0.0,11.5,0.0,233.9,-233.9,2025-05
Vista Heights,D23B,Nov-23,222.17,11.0,2443.87,233.9,-11.7,2023-11
Vista Heights,D23B,Nov-24,290.83,11.5,3344.545,233.9,56.9,2024-11
Vista Heights,D23B,Nov-25,0.0,11.5,0.0,233.9,-233.9,2025-11
Vista Heights,D23B,Oct-23,306.73,11.0,3374.03,233.9,72.8,2023-10
Vista Heights,D23B,Oct-24,294.26,11.5,3383.99,233.9,60.4,2024-10
Vista Heights,D23B,Oct-25,0.0,11.5,0.0,233.9,-233.9,2025-10
Vista Heights,D23B,Sep-23,283.37,11.0,3117.07,233.9,49.5,2023-09
Vista Heights,D23B,Sep-24,273.34,11.5,3143.41,233.9,39.5,2024-09
Vista Heights,D23B,Sep-25,0.0,11.5,0.0,233.9,-233.9,2025-09
Vista Heights,D41,Apr-23,456.0,11.5,5244.0,635.4,-179.4,2023-04
Vista Heights,D41,Apr-24,439.9,11.0,4838.9,635.4,-195.5,2024-04
Vista Heights,D41,Apr-25,927.8,11.5,10669.7,635.4,292.4,2025-04
Vista Heights,D41,Apr-26,663.6,11.5,7631.4,635.4,28.2,2026-04
Vista Heights,D41,Aug-23,856.0,11.0,9416.0,635.4,220.6,2023-08
Vista Heights,D41,Aug-24,799.0,11.5,9188.5,635.4,163.6,2024-08
Vista Heights,D41,Aug-25,822.2,11.5,9455.3,635.4,186.8,2025-08
Vista Heights,D41,Dec-24,421.0,11.5,4841.5,635.4,-214.4,2024-12
Vista Heights,D41,Dec-25,301.2,11.5,3463.8,635.4,-334.2,2025-12
Vista Heights,D41,Feb-24,675.4,11.0,7429.4,635.4,40.0,2024-02
Vista Heights,D41,Feb-25,491.3,11.5,5649.95,635.4,-144.1,2025-02
Vista Heights,D41,Feb-26,264.1,11.5,3037.15,635.4,-371.3,2026-02
Vista Heights,D41,Jan-24,204.7,11.0,2251.7,635.4,-430.7,2024-01
Vista Heights,D41,Jan-25,351.0,11.5,4036.5,635.4,-284.4,2025-01
Vista Heights,D41,Jan-26,200.9,11.5,2310.35,635.4,-434.5,2026-01
Vista Heights,D41,Jul-23,736.8,11.0,8104.8,635.4,101.4,2023-07
Vista Heights,D41,Jul-24,911.0,11.5,10476.5,635.4,275.6,2024-07
Vista Heights,D41,Jul-25,789.7,11.5,9081.55,635.4,154.3,2025-07
Vista Heights,D41,Jun-23,543.3,11.0,5976.3,635.4,-92.1,2023-06
Vista Heights,D41,Jun-24,977.0,11.0,10747.0,635.4,341.6,2024-06
Vista Heights,D41,Jun-25,692.8,11.5,7967.2,635.4,57.4,2025-06
Vista Heights,D41,Jun-26,1090.0,11.5,12535.0,635.4,454.6,2026-06
Vista Heights,D41,Mar-24,694.1,11.0,7635.1,635.4,58.7,2024-03
Vista Heights,D41,Mar-25,647.2,11.5,7442.8,635.4,11.8,2025-03
Vista Heights,D41,Mar-26,514.2,11.5,5913.3,635.4,-121.2,2026-03
Vista Heights,D41,May-23,956.0,11.0,10516.0,635.4,320.6,2023-05
Vista Heights,D41,May-24,914.0,11.0,10054.0,635.4,278.6,2024-05
Vista Heights,D41,May-25,802.9,11.5,9233.35,635.4,167.5,2025-05
Vista Heights,D41,May-26,841.5,11.5,9677.25,635.4,206.1,2026-05
Vista Heights,D41,Nov-23,525.0,11.0,5775.0,635.4,-110.4,2023-11
Vista Heights,D41,Nov-24,671.0,11.5,7716.5,635.4,35.6,2024-11
Vista Heights,D41,Nov-25,512.3,11.5,5891.45,635.4,-123.1,2025-11
Vista Heights,D41,Oct-23,613.0,11.0,6743.0,635.4,-22.4,2023-10
Vista Heights,D41,Oct-25,299.0,11.5,3438.5,635.4,-336.4,2025-10
Vista Heights,D41,Sep-23,708.3,11.0,7791.3,635.4,72.9,2023-09
Vista Heights,D41,Sep-25,562.2,11.5,6465.3,635.4,-73.2,2025-09
