tenant_id,segment,tenure_months,total_billed,avg_rent,unpaid_ratio,invoices,ltv_paid
00af40b2-545a-c400-060e-9eba5e004ea3,0,3,49965.0,7996.2,0.2,5,36974.0
00ff5468-3680-2a12-23e4-82855ab3c697,0,6,80644.0,12148.333333333334,0.3333333333333333,6,48668.0
011b7d1c-5697-5394-c05b-fa0473640657,0,8,145709.0,17467.75,0.375,8,85010.0
01426448-b911-b1b8-ce7d-46e4a4c39abd,0,4,62909.0,13500.0,0.0,4,62909.0
02295215-68ff-b712-391f-44370ddab3fc,0,12,179123.0,13677.416666666666,0.0,12,179123.0
024cbfa9-4c24-ccad-9d51-c10966293351,0,4,66979.0,11770.6,0.4,5,53589.0
0278721a-a690-833b-298a-16a351fb7a3a,1,14,292508.0,19500.0,0.21428571428571427,14,228151.0
02b429ce-a6d5-6fef-b9c9-9bf315c162d2,0,4,66572.0,14404.0,0.0,4,66572.0
0340956c-c19a-d700-7d78-cea190ab08b0,0,3,40629.0,11613.0,0.0,3,40629.0
03532b88-a44b-5756-ef1e-19ee65a12ddb,0,4,54725.0,12284.0,0.5,4,29175.0
03583f1f-1403-b11c-dead-43e994cd6716,0,2,20292.0,9021.0,0.0,2,20292.0
03ce56c0-8798-b95d-7125-311b80363e74,1,17,256882.0,13588.235294117647,0.17647058823529413,17,207437.0
040a939f-93a2-9c73-8ae0-b56d3cb19257,0,5,70840.0,12599.8,0.0,5,70840.0
044fabca-8052-c100-2783-a270debc8c40,0,3,35351.0,9718.666666666666,0.0,3,35351.0
04ba1c6f-6c06-819d-9ecc-a0c5f795b922,1,15,251099.0,15500.0,0.2,15,200109.0
04bf244c-6798-a8e7-4f9c-31d58ae63fb5,0,4,50410.0,10975.5,0.0,4,50410.0
051533c6-c514-5e79-9a31-56bbdcf6cbf8,0,2,22340.0,9121.0,0.0,2,22340.0
051d1ba0-2ce6-ea15-c68f-cc2aa5673d1b,0,3,24324.0,6894.333333333333,0.0,3,24324.0
05c1092a-7d55-87fd-45f7-a75a6fef6cd7,0,6,79689.0,12233.833333333334,0.0,6,79689.0
05e10de3-1c79-2a38-05f9-8221a224c636,0,6,75890.0,10756.833333333334,0.0,6,75890.0
06061874-ce68-4008-82f6-50ace2ba4bf4,0,2,22427.0,10592.0,0.5,2,5684.0
0627346d-64a7-b6e0-05c2-13aba96d8d7f,0,4,46867.0,10124.75,0.0,4,46867.0
062b56c4-c469-4ef7-b4e6-9615dd770ec9,0,2,31983.0,14983.5,0.5,2,14467.0
0632e1c8-fb91-3269-00af-8a625740b33a,0,8,118964.0,13481.0,0.0,8,118964.0
06410f6f-092c-1bfd-adad-83e726569b01,0,1,26250.0,24000.0,0.0,1,26250.0
068260fe-ff67-c96c-b5b4-1d5c207e7678,0,2,19750.0,7750.0,0.0,2,19750.0
06c2357c-fc9c-cf8f-5166-511dbe29bd6f,0,1,16750.0,14500.0,0.0,1,16750.0
073e4bd7-f1f1-49d3-604f-c365b9952a6c,1,14,219154.0,15205.285714285714,0.21428571428571427,14,170055.0
07734943-434c-4c8b-b1fa-49d7c4e8a7fe,0,2,27710.0,12808.5,1.0,2,0.0
07be30b6-2324-7f46-f82f-5b1c9036f58f,0,2,16635.0,6750.0,0.0,2,16635.0
0808fdb2-602f-1a67-c1f2-d1a6875f8e2a,0,1,11443.0,9193.0,0.0,1,11443.0
080eae03-9f65-4515-aec2-8924472923dd,0,3,42922.0,8100.0,0.8,5,1500.0
0843264b-05af-60b0-cf45-89a98cbac865,0,1,17555.0,13600.0,0.0,1,17555.0
085a8574-3d16-6975-cd44-b98c9a4b53ea,0,5,65655.0,11406.0,0.0,5,65655.0
089c750d-e588-d7c8-9ec2-783348ec9df1,0,6,79357.0,11841.333333333334,0.0,6,79357.0
09c51f18-9e44-e04c-7a53-2b5d217880df,0,3,32538.0,9063.666666666666,0.0,3,32538.0
09e32fec-fbd7-1db0-5695-ad127d667dcf,0,4,51669.0,10967.75,0.0,4,51669.0
0a550b32-ac5f-efb6-6d3b-e9975e20a82d,1,33,508639.0,12822.882352941177,0.029411764705882353,34,501741.0
0bf6d7d9-a9c2-d7bf-ca36-abc55ae462e0,1,25,355769.0,13028.0,0.0,25,355769.0
0bf78a8a-6c27-f4bf-07de-860dbab2a408,0,3,35474.0,9846.666666666666,0.0,3,35474.0
0bf81a68-411b-0699-6b01-1f288edeb7a6,0,3,43098.0,12995.0,0.3333333333333333,3,29026.0
0bf93609-d4ec-9bc6-fe77-b8a88d29d95c,0,11,184095.0,15209.09090909091,0.09090909090909091,11,169493.0
0bfb8715-8f78-e284-cb03-a48f8a5f0702,0,6,73092.0,10955.333333333334,0.0,6,73092.0
0c47441c-0898-a35f-badb-b812b6d01ad6,0,2,32132.0,13600.0,0.0,2,32132.0
0c869ab0-6a8e-0fdf-0bdf-20ca57cb67cd,0,9,145255.0,15013.333333333334,0.0,9,145255.0
0cba0133-9ca6-89ff-f5ab-d1324e455716,0,2,22233.0,9631.5,0.0,2,22233.0
0ccdcf23-be43-796c-0739-a83013e52962,0,1,2250.0,0.0,1.0,1,0.0
0ccf966f-d23f-4994-fedc-211f2f60aa4f,0,4,65568.0,13856.5,0.75,4,23026.0
0d8adc09-cbf7-8d73-f287-b681bfbb317f,0,4,43514.0,8908.25,0.0,4,43514.0
0e742f99-42ca-8738-ee99-7cbcc8148b75,0,1,12393.0,10143.0,0.0,1,12393.0
0e8d8c4f-79bb-5fec-80fb-bd042f559818,0,2,21703.0,9275.5,0.0,2,21703.0
0e9a7acc-570e-726d-5565-5a605a984559,0,2,31152.0,13775.0,0.0,2,31152.0
0ea0c6d9-a99f-89ea-6b85-9ae409698bd3,0,11,151254.0,11811.272727272728,0.0,11,151254.0
0ed59f1c-35e8-8ae7-d0f3-3b5d4a2202fd,0,2,18341.0,7109.5,0.0,2,18341.0
0f48ebae-7ea3-24d1-dd00-37912e1ab867,0,5,70175.0,12062.4,0.0,5,70175.0
0fb589f6-3d4d-9f65-70ec-ffc208b12ba1,1,20,285085.0,13302.75,0.0,20,285085.0
1029064e-62bf-0942-8a0b-85978e838d8a,0,3,53895.0,16100.0,0.0,3,53895.0
104a66bf-0d87-2acc-ec03-a73d1c1cfd53,0,9,136159.0,13542.0,0.2222222222222222,9,107193.0
10916e3e-90d8-8084-d782-fd32d48def20,0,3,53078.13,16258.376666666665,0.0,3,53078.13
10f3edc6-4b03-b82d-8df1-09ddaf031c0c,1,39,624973.0,14336.74358974359,0.05128205128205128,39,600200.0
110a92b5-de7a-739b-61d2-1bc6c35ab264,0,1,15850.0,13600.0,0.0,1,15850.0
11316c38-dc08-4983-3588-fcadd88bd5d2,0,12,175399.0,12355.846153846154,0.23076923076923078,13,128976.0
117c6d3e-f4d8-3338-57db-8e4c2f7d0dc2,0,2,15430.0,6100.0,0.0,2,15430.0
11c59c47-e61b-cafc-82c5-d4ec94db50b8,0,8,96556.0,10727.0,0.0,8,96556.0
11e59c65-004e-4eea-a733-d3a6a7c65fb1,0,2,33310.0,15500.0,0.5,2,15500.0
11e96dd2-92f4-f793-56db-439d5b3de156,0,12,190535.0,14916.666666666666,0.25,12,139207.0
1218c50c-4da4-4f61-baec-5182a25958e3,0,3,29835.0,9290.333333333334,0.6666666666666666,3,871.0
122c395f-56fd-4482-fe33-7fa3c3cd30b5,1,15,228110.0,14001.6,0.2,15,184959.0
1261d726-9481-43dd-bac5-f1b158c8ab32,0,3,43751.0,12161.666666666666,0.6666666666666666,3,12630.0
1287ac56-adee-78b5-6a6b-56b3e8dd7d48,1,18,272359.0,14279.555555555555,0.16666666666666666,18,225160.0
128bd731-e1fe-63b6-3451-759840d80453,0,4,49821.0,10750.0,0.0,4,49821.0
129ef14d-110f-8fd6-f39d-ee91d11e0151,0,1,2250.0,0.0,1.0,1,0.0
1360848f-3f38-fcda-2ca5-ffb5b90fcacc,0,7,58643.0,13112.75,0.0,4,58643.0
1382b8e8-f0c7-da45-7642-d77de8b58e14,0,4,58932.0,13355.75,0.0,4,58932.0
139a98f5-3c60-b2a1-8a36-2cb00cbb30aa,0,3,45106.0,12391.0,0.0,3,45106.0
1422ace8-beea-6d1b-73fd-1d30597b40d5,0,5,98620.0,12535.714285714286,0.5714285714285714,7,62422.0
146a8458-f956-54ed-317f-b99f7d16fff8,1,26,416952.0,14853.846153846154,0.11538461538461539,26,365660.0
148cb172-cc40-9c01-ffa5-33aa5d70bad8,1,20,267945.0,13052.833333333334,0.0,18,267945.0
14b45048-20d5-74f7-f9ff-825c862c3dd5,0,7,102942.0,13251.142857142857,0.0,7,102942.0
14fd9ca9-7868-7a27-8b3c-607c31c9e161,0,6,98484.0,14588.666666666666,0.0,6,98484.0
1508bfaf-482c-c63e-34e7-470ad5fbc8dd,0,6,73022.0,10212.333333333334,0.0,6,73022.0
15957cb2-619d-197c-d37d-3de345a2eaf2,0,4,64474.0,14405.5,0.0,4,64474.0
15ff5934-5a4f-43fb-8bf6-4d798bd6a28b,0,2,18965.0,7750.0,0.5,2,13950.0
1604768e-85d5-4c44-882a-b748eddc1f37,0,2,16136.0,7975.0,0.5,2,1450.0
165afd93-a066-8794-7ade-f62b1ffbbc9e,1,16,348731.0,19876.8125,0.125,16,319578.0
1735b216-e690-abb3-a111-08e624ab0313,0,8,175359.0,20113.25,0.0,8,175359.0
17407c57-bdbb-d58e-287b-cd2beace210b,0,1,2250.0,0.0,1.0,1,0.0
17a9f5c0-3169-c1d1-2c86-69aedb982d69,0,8,107736.0,12500.0,0.0,8,107736.0
17d13989-4f37-42a8-1eb2-88b2df3a9692,0,9,136303.0,13438.444444444445,0.0,9,136303.0
17dd0f21-a84d-a57c-7de4-9d5897c7181b,1,16,229806.0,13043.3125,0.0625,16,220143.0
184aad86-c460-d78c-0f04-fd69a75fdb16,0,1,17750.0,15500.0,0.0,1,17750.0
18788fe2-f6a2-826e-2199-6cec118c6d00,1,26,409836.0,14337.807692307691,0.11538461538461539,26,369710.0
18c2af76-2687-f1b7-a5f5-b709b086e568,0,7,103632.0,13051.714285714286,0.0,7,103632.0
18d86801-3cb7-11d4-8b9d-433429296014,1,30,515206.0,15000.0,0.1,30,460478.0
18f93ace-b7ec-14e9-343f-8763f4d28b68,0,1,2250.0,0.0,1.0,1,0.0
190cae44-33ef-8fc1-f07a-fb84a1b78bdf,0,3,50478.0,15000.0,0.0,3,50478.0
19214e19-efc4-4eea-8118-944c998e3ab6,0,3,36995.0,10500.0,0.6666666666666666,3,2500.0
1932ea80-c6eb-874e-eca8-12410fa7a608,1,19,276062.0,13394.736842105263,0.15789473684210525,19,230823.0
19671dd1-2ae5-3bf1-7fae-a3d02cea1da7,0,1,12978.0,9023.0,1.0,1,0.0
1995b0ce-cc80-52dd-8dec-a01a2456659e,0,2,27681.0,11925.0,0.0,2,27681.0
19c28562-8f4e-ad03-b1ee-26dd6da4b20b,0,3,34465.0,9028.0,0.0,3,34465.0
1a171004-7682-1c39-e6a2-758b668c33b0,0,7,115441.0,15511.57142857143,0.42857142857142855,7,57285.0
1a3b6c74-26e1-7124-0b5c-7f783d71624d,0,7,101343.0,13142.857142857143,0.42857142857142855,7,64484.0
1ad64726-e22e-ccd3-33f8-62a4e4b609fc,0,3,20550.0,5880.333333333333,0.0,3,20550.0
1b003ea3-bdcb-0416-c3c2-8ff60f2f65f5,1,15,255854.0,15366.666666666666,0.2,15,202076.0
1b7a8ca2-dcfa-864b-b6f3-f5e53beb8da0,0,3,57028.0,17550.0,0.0,3,57028.0
1bc4b026-982f-f9e0-a489-376a60455dae,0,1,23389.0,19000.0,0.0,1,23389.0
1bc75090-ac1a-44a6-bb22-f211aca7c760,0,2,40190.0,19000.0,0.5,2,19000.0
1c02145c-b1d1-097d-f8dc-3bf629411369,0,1,2250.0,0.0,1.0,1,0.0
1c15f311-412b-2817-f3a4-3ec5e516eaa9,0,1,13152.0,10902.0,0.0,1,13152.0
1c74a5be-5679-ca11-8401-ae199550c95e,0,12,147805.0,10972.5,0.0,12,147805.0
1cae2ebd-8a9f-1738-4dc0-87dd4156d5ad,0,9,63595.0,11383.8,0.0,5,63595.0
1cceb815-84d9-5ecc-2d59-11734f1bc703,0,3,55498.0,16723.333333333332,0.0,3,55498.0
1d4c0119-5151-7a5b-2266-f16e44f67157,0,13,191313.0,13331.538461538461,0.23076923076923078,13,145082.0
1dc2bdca-ae79-4cd5-9d74-961c02cce282,0,4,81454.0,18850.0,1.0,4,0.0
1df57eb4-c786-95e5-490c-5a8f8084e780,0,8,66801.0,9413.333333333334,0.16666666666666666,6,64551.0
1e040078-32fc-f90a-7fd5-42b8161a6605,0,1,2250.0,0.0,1.0,1,0.0
1e6f84f8-d2d4-2602-e11e-bf9f79587a60,0,7,89690.0,11849.285714285714,0.0,7,89690.0
1eb13d75-4e74-34de-0d7a-6936b746e12e,0,5,110638.0,20849.6,0.0,5,110638.0
1f386b6c-673b-b4f5-5a19-10e9869fcb75,0,6,96381.0,14111.5,0.0,6,96381.0
1f48149b-910c-401b-9638-49f13af032f1,0,2,19570.0,8525.0,1.0,2,0.0
1fc0c3bb-f35c-8d5d-a4fa-a9c1723cd8ab,1,40,564005.0,13137.076923076924,0.10256410256410256,39,514366.0
1fc1a662-a030-9232-239c-2a7b1b7a44b4,0,2,37892.0,17161.0,0.0,2,37892.0
2030f84c-59a8-b777-417a-20c355e3c18b,0,1,2250.0,0.0,1.0,1,0.0
209b2e7d-1ecd-5bd0-e15d-1e8b8fa305e3,0,7,105991.0,13371.42857142857,0.0,7,105991.0
21e237d1-286e-324e-0cef-45725d629768,0,8,134841.0,15062.5,0.375,8,80932.0
227f376b-633a-5615-5670-c29559d0a08b,1,28,470287.0,14910.714285714286,0.03571428571428571,28,453317.0
22a9494d-0e02-6fba-4aee-7947f1e6110b,1,23,383848.0,15152.173913043478,0.13043478260869565,23,331403.0
22b0be2d-52c5-1127-642d-4f1083b404ca,0,8,150045.0,17848.75,0.375,8,86931.0
22b72d22-cdf8-d918-1731-0c3954f2f732,0,1,2250.0,0.0,1.0,1,0.0
22bbdd04-7c21-e7b1-a74d-049f16aea9a0,0,3,46939.0,14129.0,0.3333333333333333,3,34691.0
2353dec8-b65d-637c-b2fe-0cd93ee91530,0,6,73056.0,10421.5,0.0,6,73056.0
2371838e-ccdb-787c-4fcf-71f0be68084b,0,2,18341.0,7109.5,0.0,2,18341.0
238b347e-e7e9-b1a3-31a8-a2f8fed99f55,1,19,495745.0,24532.21052631579,0.15789473684210525,19,412209.0
23f7ef5f-6b26-a104-b616-b438d7e9243c,1,37,437271.0,13013.1,0.1,30,389561.0
24ae889b-240e-b064-cfe8-2b27224c15b0,1,23,474666.0,18634.782608695652,0.0,23,474666.0
251051cf-e3b5-5d37-918f-bf22b4875790,1,23,367711.0,14063.95652173913,0.13043478260869565,23,325548.0
257579ca-bef0-99b8-f916-e518891ffdab,0,3,95971.0,30968.333333333332,0.6666666666666666,3,28904.0
25aa0362-c4dd-16cd-169e-1e9f819ec83b,0,3,32985.0,9479.666666666666,0.0,3,32985.0
25aa2406-e171-b558-8249-7a525d126d8f,0,9,181838.0,18500.0,0.3333333333333333,9,119060.0
25b63db3-6d1d-cb00-d25c-dfd8b4b17909,1,17,268547.0,13345.823529411764,0.0,17,268547.0
25d08204-bdeb-ff7d-463f-3da9fc06d784,0,3,37228.0,7519.0,0.5,4,26352.0
25ef6338-6197-45a8-82d9-ddd0a846f1b2,0,3,44925.0,13355.0,1.0,3,0.0
260508e6-bace-3923-cfed-6f4da685cf49,0,4,59418.0,12462.75,0.0,4,59418.0
2608b690-ad23-63ed-1e3e-85beb47f4f29,0,5,94964.0,16292.8,0.2,5,82187.0
2631ddfd-660e-8719-1876-82cf88e13a60,1,18,278477.0,14118.888888888889,0.16666666666666666,18,230879.0
26b16f30-da65-8aa3-d1ec-4867ac2a8f35,0,7,102006.0,12963.285714285714,0.42857142857142855,7,56657.0
271998b4-d824-8d04-2b65-7c072eb4ba29,0,2,26640.0,11070.0,0.5,2,13991.0
275b413a-b62b-68d4-0dc0-a024e7446e9e,0,1,15750.0,12600.0,0.0,1,15750.0
276b5368-040e-e40e-948d-d1159a743920,0,11,186686.0,14000.583333333334,0.08333333333333333,12,175436.0
27847c66-2d18-b22c-9667-4a86dccb1baf,0,2,19519.0,8178.5,0.5,2,10690.0
2794ccf7-4966-f00d-35d6-34ac17db73ea,1,40,743244.0,17018.341463414636,0.17073170731707318,41,631910.0
27ffea04-c43e-3938-a0cd-02ce1885f857,0,3,58813.0,17867.0,0.0,3,58813.0
284ce00f-b05a-4366-9117-bf73f7449a76,0,2,28051.0,13175.0,0.5,2,10850.0
286a5d35-07d2-54bb-eb89-e9519f239c26,0,7,127068.0,17044.285714285714,0.0,7,127068.0
28bc36ac-10ee-238f-d3f4-24d10136bbb5,0,12,165865.0,12021.5,0.16666666666666666,12,147251.0
294ea6bb-86ba-b567-f9c9-999f73233389,0,3,36876.0,9808.666666666666,0.0,3,36876.0
29e47ac1-831d-9edd-4744-efc0e2037ff3,0,3,58891.0,17983.333333333332,0.0,3,58891.0
2a00764b-10fd-4f2c-84a8-b611cf9b893a,0,2,16136.0,7975.0,0.5,2,1450.0
2a1b9781-7270-da00-bf8a-adaf9ce20080,0,3,29958.0,8177.666666666667,0.0,3,29958.0
2a58151b-3aea-8f37-a254-56432cd03704,1,17,253743.0,13070.470588235294,0.0,17,253743.0
2ac29dfd-418d-441f-877a-2a980e43ca16,0,3,35449.0,9808.0,0.0,3,35449.0
2ac2da6e-0954-f906-32d7-a1f55477c590,0,7,99320.0,12974.714285714286,0.5714285714285714,7,38130.0
2b773ffc-34e2-9684-1de8-d16c36abe81e,0,10,66020.0,9139.666666666666,0.3333333333333333,6,46150.0
2b785f57-1c4f-d4a8-d486-b69e7b2db5bc,1,16,322389.0,19191.1875,0.1875,16,261007.0
2ba81159-3fd3-401a-b806-4cf09e7dce86,0,3,57581.0,18451.666666666668,0.6666666666666666,3,16355.0
2bd67002-1f8f-faff-efc5-5063dbedf10f,0,13,208969.0,14500.0,0.15384615384615385,13,172189.0
2c05db07-e980-4d52-a524-1b1ee5185554,0,3,37518.0,10446.666666666666,0.6666666666666666,3,13565.0
2c1980eb-be51-916e-8f61-1e8fe83afb0c,0,12,236651.0,18189.5,0.25,12,171506.0
2c62dfe0-1a80-ff55-1d8b-51ac0c7da2fe,0,9,143399.0,14172.444444444445,0.0,9,143399.0
2cd65886-67b3-a4eb-7aad-7c0a230ba95d,0,13,193230.0,13334.923076923076,0.0,13,193230.0
2cd7e593-62c3-5761-bdae-3267917b5674,0,2,53357.0,24000.0,0.0,2,53357.0
2d21b1a6-f9fa-f115-d59a-f6f2f5ab38a9,0,5,59693.0,10457.8,0.2,5,42443.0
2d24b7c1-6556-8eb5-73d6-3ed3913e6d40,0,6,81066.0,12083.333333333334,0.0,6,81066.0
2d4a776f-2d3b-bce7-f4bb-29b420e033fe,0,1,4199.0,1360.0,0.0,1,4199.0
2d700a6b-44c4-438b-841f-febe1b2c47a7,0,2,6676.0,2892.5,0.5,2,5317.0
2d732934-6a6e-e41c-d60c-fd6fe935e3df,0,9,136047.0,12887.0,0.2222222222222222,9,101964.0
2f0cc08d-c4e2-1593-8f2c-1445f89e7f1d,0,4,49771.0,10879.5,0.0,4,49771.0
3013b032-8425-868c-694c-5709a3a46982,0,3,43304.0,12727.666666666666,0.0,3,43304.0
31748409-1d90-3bc0-903e-6d831133e944,0,8,119692.0,13118.875,0.0,8,119692.0
31efad6c-2fd0-0f5c-58b7-21f64ea45f51,1,19,282592.0,13730.842105263158,0.05263157894736842,19,272116.0
31f3f7a3-5dc4-21cd-ba54-b41347a7822a,1,19,292943.0,13876.578947368422,0.15789473684210525,19,242233.0
326fad9d-9ffb-2185-aa20-128326ae8d55,0,2,27095.0,11951.0,0.0,2,27095.0
32a3a1c6-8dfe-d49b-f052-da816a4ceeb2,0,19,103776.0,11359.125,0.0,8,103776.0
33453ebc-fdb5-2ce9-740f-e9966df68c7c,0,1,2250.0,0.0,1.0,1,0.0
33660a1a-0cb4-11b6-6d4f-9067a1b78d50,0,6,79335.0,11459.666666666666,0.0,6,79335.0
33ac7dd1-ae75-0a17-9b1e-7b8175226f98,0,5,66611.0,11496.6,0.0,5,66611.0
34100f9a-d3d0-f695-2b19-ecd7a4ff292c,0,3,30487.0,8453.333333333334,0.0,3,30487.0
344a43f4-d005-00e3-d3f4-5da6b944af56,0,4,66028.0,15016.75,0.0,4,66028.0
34c36730-bd63-676a-99c5-16783ab7167e,0,4,47300.0,10290.0,0.0,4,47300.0
34e17203-69d9-f06c-079c-fc6848b90d7e,0,1,16750.0,14500.0,0.0,1,16750.0
34e687e0-29cc-e019-e1cc-610c96129aa7,0,4,53087.0,11213.25,0.0,4,53087.0
35944e8c-88c9-e8fb-698c-a53093262227,0,5,75541.0,13064.4,0.0,5,75541.0
35f948f3-e8ec-6058-cf56-5561dd2379b3,0,4,42683.0,9187.5,0.0,4,42683.0
365f8f9f-009e-838c-36c6-add1b1d696b1,0,5,74110.0,12400.0,0.2,5,65250.0
367ff001-843b-4fab-01ff-1f341b84ef5f,0,2,29278.0,13064.5,0.0,2,29278.0
36d4dedb-75eb-6f4f-03fa-79d0875789aa,1,17,242344.0,12373.764705882353,0.0,17,242344.0
3761a198-73ca-bdb8-338b-d52c21eb8f2e,0,3,57905.0,17983.333333333332,0.0,3,57905.0
38069f8b-d44e-0b86-a0d1-dafac5ae1232,1,24,375439.0,14070.541666666666,0.125,24,324729.0
381ba86a-6881-bdfb-4f5a-707c6f5e9aed,0,4,48524.0,10181.5,0.0,4,48524.0
38305983-db92-2c3c-7949-96f7ca7833eb,0,6,124070.0,19500.0,0.5,6,60742.0
389859df-460c-4966-a71d-eb7bbebae67b,0,3,37638.0,5223.333333333333,0.8333333333333334,6,2340.0
38c5737a-38f4-67e4-935b-157ed9f6fafa,0,3,39119.0,11355.0,0.0,3,39119.0
38f94703-df69-ca89-4496-a89ad5a63f7c,0,1,2250.0,0.0,1.0,1,0.0
38fa3ad2-aa3f-58d5-2b21-1710a18fefce,0,3,35363.0,10360.0,0.0,3,35363.0
398396b1-f339-683b-4307-b3441615b82a,0,4,82791.0,18871.0,0.75,4,16984.0
3ad112bc-3f0d-3be3-e12c-29bdc16823e4,0,6,70411.0,12204.0,0.2,5,54296.0
3b02f95a-b47e-1037-4f8a-f2f31e35c98e,0,11,226676.0,18585.090909090908,0.2727272727272727,11,168581.0
3b27dc97-dafa-0480-7b61-5549a3ea7eee,0,13,215298.0,14615.384615384615,0.23076923076923078,13,169040.0
3b48ac67-d1fa-b227-f284-5da0a25e5ac0,0,12,170269.0,10787.57142857143,0.14285714285714285,14,160908.0
3b6e6365-f27e-8854-7e60-4889894aaa6d,0,3,36158.0,9444.666666666666,0.3333333333333333,3,30102.0
3c32a71f-5c9e-8178-0cae-bd32a791be8a,0,1,2676.0,426.0,1.0,1,0.0
3caa59e9-5e0d-3ca4-6303-a17bdb2e20ec,0,8,115528.0,12011.375,0.0,8,115528.0
3d18aa61-88d3-4390-b5d3-db4cb2e31e11,0,2,16626.0,3594.0,0.75,4,10634.0
3e2fea93-18a8-93d6-164a-73bb3ab8c191,0,4,57637.0,12513.0,0.0,4,57637.0
3e50af3d-452f-d098-b3bc-3c2a64576d55,1,20,285151.0,12874.8,0.15,20,234420.0
3e75e66b-4372-344b-25d8-de15915110c9,0,8,119112.0,11081.222222222223,0.3333333333333333,9,82605.0
3e99437f-aaa3-5ffe-27bc-cffb9898080d,0,11,180812.0,13649.416666666666,0.0,12,180812.0
3f0612aa-b4e7-f5b1-b920-e5559a86b30b,0,1,2250.0,0.0,0.0,1,2250.0
3f1cffa7-f19d-26f8-f9fb-1d746c3e5897,0,3,42900.0,12758.333333333334,0.0,3,42900.0
3fa90f86-f0f5-7489-1807-029cb1ab0732,0,3,34685.0,9768.666666666666,0.3333333333333333,3,25949.0
40a2b6da-1224-e406-7b33-bed31c6f706b,0,10,176965.0,15989.8,0.0,10,176965.0
40d92b3b-7aee-338f-9b2d-58099584d322,0,1,2250.0,0.0,1.0,1,0.0
40da1241-f931-fd4a-747c-9dc5f68a8870,0,2,17150.0,6750.0,0.0,2,17150.0
413fa992-b668-d564-13e9-5f16a70196f2,0,1,2250.0,0.0,1.0,1,0.0
414e0bde-7a49-1083-4e22-1fa3dca1b3c6,1,12,255941.0,19166.666666666668,0.0,12,255941.0
417cb75b-9992-4df9-28ae-ad4d2313621f,1,15,231556.0,14666.666666666666,0.2,15,183240.0
41aa512e-b3d6-49bc-9caa-eec244ee63d8,0,2,29043.0,12748.5,1.0,2,0.0
41bc3dd8-29be-a47d-e821-5e112e52cde5,0,1,2250.0,0.0,1.0,1,0.0
42c9cd99-9d86-c9b7-f90f-c4a4e87261a4,0,3,42193.0,12631.0,0.0,3,42193.0
42ce346f-a341-9289-8213-2a477a99c6b7,0,1,2250.0,0.0,1.0,1,0.0
42fc943f-bd3d-2957-015f-48efdbb32e77,0,4,56769.0,12979.75,0.25,4,45050.0
430caea5-4a9a-cf87-274e-54e1547ff83b,1,24,368564.0,13476.583333333334,0.041666666666666664,24,353236.0
434d75cb-183a-9772-9088-93a7b3f89d25,0,3,45388.0,13297.333333333334,0.3333333333333333,3,29082.0
43774f3c-9ce6-fc78-7857-b8607c3e1966,0,6,82087.0,12375.0,0.5,6,35908.0
43bad5ef-9766-7805-47dd-934114b00873,0,5,79720.0,13800.0,0.0,5,79720.0
43c47b55-f3bc-96d4-c7a6-8b91bccbfcc4,0,2,17253.0,6718.5,0.0,2,17253.0
43c50db7-bbd5-a3ee-044a-5ad9f847c9bf,0,12,155585.0,11132.416666666666,0.0,12,155585.0
43e74f45-aa14-1c93-dc1b-6bca58862fe4,1,14,217101.0,13582.285714285714,0.14285714285714285,14,189164.0
43f0cf08-520b-2feb-f383-29d0259afdfd,0,1,2715.0,465.0,1.0,1,0.0
440b6ecd-f1be-8821-6916-551881aa954f,0,1,13622.0,13600.0,0.0,1,13622.0
444b3778-4bd6-62cd-0b3d-660eb12fd7c5,0,4,84219.0,19000.0,0.0,4,84219.0
44bf5771-a669-438c-a190-88aab999cfae,0,3,43744.0,12833.333333333334,0.6666666666666666,3,13000.0
44cb47a3-0123-781d-7158-6019cedce0c5,0,3,32145.0,9100.0,0.0,3,32145.0
4505ca5d-0961-03c9-5943-ffda2a5ae270,0,11,175805.0,15124.272727272728,0.2727272727272727,11,126365.0
4514d626-9864-572c-4d95-165e89926e0c,0,2,29344.0,12500.0,0.0,2,29344.0
456fc08d-55ba-6a5b-7917-edad21de87b2,0,3,38072.0,10865.0,0.0,3,38072.0
45bab573-48ef-1237-bc52-123366b60e36,0,1,16750.0,14500.0,0.0,1,16750.0
4628a4bf-d4c5-9e5d-471c-271b9f3e7d03,1,40,624149.0,14582.5,0.075,40,573950.0
46d380ca-fe7a-07d2-4570-5de890c8fdc7,1,13,208517.0,14168.0,0.0,13,208517.0
46d76191-2b0e-5d5a-4a07-cc7209f40801,0,2,35310.0,13600.0,0.0,2,35310.0
46d94fb9-b4c9-d1a8-0c92-609fafa9901e,0,1,4199.0,1360.0,0.0,1,4199.0
4725a45c-cc7a-af5b-e281-9c77ce5af921,0,8,137582.0,15250.0,0.0,8,137582.0
472a7ffe-042a-9722-efc3-4583777f6989,0,4,48464.0,10181.5,0.0,4,48464.0
4767b29c-fde2-16bf-4b29-9e8578a3b33f,0,6,105296.0,16150.0,0.0,6,105296.0
480c0561-a593-d531-177b-6c34c4d0dedc,0,3,33305.0,9978.333333333334,0.0,3,33305.0
4855a811-b83a-7e07-56f0-ae3a0026d582,0,4,50277.0,11292.25,0.0,4,50277.0
489c9b8c-183a-9712-86e4-708ba0da6f0e,0,4,42960.0,8791.75,0.0,4,42960.0
490c8f7b-67bb-4475-e52c-4e70037b854c,0,6,71442.0,10567.666666666666,0.0,6,71442.0
491b8136-32a1-37c5-5253-b53ff3991d86,0,12,184888.0,12205.285714285714,0.2857142857142857,14,133098.0
49355947-7605-ec5f-7d81-a6597f38d76b,1,40,613988.0,13625.0,0.075,40,565862.0
49cf43d8-a86e-89e5-c138-85e43fd070f0,1,25,233904.0,13949.133333333333,0.06666666666666667,15,215965.0
4a1c9a17-3318-f91d-2b54-98dbb7e27f25,0,2,18610.0,7932.5,0.0,2,18610.0
4b85d836-4912-f7a8-46ac-19256a4ed1d4,0,6,83228.0,11972.5,0.0,6,83228.0
4bdca5eb-f197-a87d-d26a-c63a9b3298a1,0,9,136377.0,11927.4,0.0,10,136377.0
4c32ff2a-996c-db27-9217-e13ddec4ccfd,0,6,95561.0,13954.166666666666,0.0,6,95561.0
4c4ad4c9-59bf-f152-d0ff-6502ec564cc9,1,28,420817.0,13267.857142857143,0.10714285714285714,28,373017.0
4ce63ad3-a546-4b52-5b68-0d5a6d3766d2,0,5,63566.0,11810.8,0.0,5,63566.0
4cf13b7d-67b4-87af-6795-b532998a9b0d,1,24,392829.0,14440.291666666666,0.0,24,392829.0
4d4ac955-333e-b31d-518e-68e57ed5a423,0,13,195332.0,17832.9,0.0,10,195332.0
4e39608a-6f55-4cc0-ac26-00c939421464,0,2,17218.0,3742.0,0.75,4,468.0
4e667438-6e87-7652-9c8f-5dff0ffa3cad,0,3,40878.0,11646.0,0.0,3,40878.0
4f1fd1d7-d774-fba8-8ed3-38e9a3bc0c3a,0,5,59625.0,10237.4,0.0,5,59625.0
4f75b0ca-7bed-c37c-cfd4-1e361a1bb6d4,1,28,219013.0,16570.666666666668,0.25,12,153748.0
4fa36c6d-dd24-c5f2-e7aa-11dd52a85410,0,8,94180.0,10830.5,0.0,8,94180.0
5001bf67-3639-035a-75c2-912e5c878962,0,2,15750.0,6650.0,0.0,2,15750.0
50259422-7cfb-0406-9801-42bc3a0d874f,0,5,62730.0,10815.4,0.0,5,62730.0
503f204a-1840-9c61-b0fc-0c3228f0d967,0,5,73879.0,13355.4,0.0,5,73879.0
50605d3e-e2a0-7772-8450-a4081281c9ef,0,2,21031.0,7019.5,0.0,2,21031.0
510cd475-6538-7d02-413c-1a0f553ba4e6,1,20,316012.0,14250.0,0.15,20,266567.0
5110bc8b-7229-5952-e9db-5feb33391303,1,24,507545.0,18429.4,0.08,25,479361.0
5115834b-41f7-ba99-845c-e46780a8c7da,0,2,24222.0,6387.0,0.3333333333333333,3,15750.0
51403227-2816-46f5-cdc7-feaa35b7c061,0,3,33740.0,7379.5,0.0,4,33740.0
515bcc7c-d963-93f1-5302-8325ce22b50d,0,6,78752.0,9710.57142857143,0.14285714285714285,7,74336.0
519879d1-1867-105c-ae64-2cab42188a79,0,2,30477.0,8489.0,0.3333333333333333,3,26160.0
51c3d3a9-bfa0-4a8e-a687-3ef46bc022cc,0,4,63898.0,14016.5,0.75,4,12566.0
521635f8-15aa-4ce1-ab2f-276095cbbe1a,0,4,44295.0,9666.75,0.75,4,5167.0
529e0745-63d4-3992-9d87-b5bd93dab266,0,5,81100.0,14403.0,0.0,5,81100.0
52bfd1fd-5813-000e-3603-19146a2ecd4e,1,18,266742.0,13090.722222222223,0.0,18,266742.0
52e65602-2418-fbcc-b439-fc42066eb1d6,0,2,28554.0,12411.0,0.5,2,11322.0
53161e7a-20e2-d590-c8cd-ca0a5b5ebb43,0,4,63392.0,14198.75,0.0,4,63392.0
53416e34-aaed-471f-937d-0fea74c444b8,0,2,33976.0,15500.0,0.5,2,15500.0
53c9ff97-f078-6148-923e-9d1a21b9bb60,0,7,92835.0,11820.285714285714,0.0,7,92835.0
542637a8-b881-e17c-bac6-c89960b9c0be,0,1,2718.0,468.0,1.0,1,0.0
546aae84-2600-f943-b571-67441bea409a,0,11,155343.0,12156.90909090909,0.0,11,155343.0
5502781f-5513-9949-e0f0-272df8bf60ee,0,3,34626.0,9484.0,0.0,3,34626.0
55061549-ef30-d416-5668-dd5177fe8537,0,4,54547.0,11780.75,0.0,4,54547.0
5527e05d-475b-45ed-a6f4-284340eed262,0,4,62225.0,14046.0,0.75,4,5684.0
5561614f-2a0b-cc7f-b7ec-ebd7a38c82c6,0,2,28117.0,11800.0,0.0,2,28117.0
55ca6f7c-112a-ec33-7c1c-987508bc9e41,1,17,284635.0,15190.117647058823,0.17647058823529413,17,231370.0
55e6e452-fae2-a5ac-3c12-21424bffbcac,0,9,97087.0,11440.714285714286,0.42857142857142855,7,57076.0
55e779dc-a32b-2acb-173b-7de67750927a,0,4,55246.0,9492.8,0.4,5,28920.0
5616a795-6876-d4ab-5f07-8e402a8160e9,0,1,2250.0,0.0,1.0,1,0.0
566e61b2-91f1-3ed8-21c0-09874cc4e1c0,0,7,144139.0,18300.0,0.0,7,144139.0
57478035-8e15-2e54-5cb6-2f22777ee909,0,2,39224.0,17927.0,0.0,2,39224.0
578a3282-8944-775f-9316-972781e18e43,0,3,51650.0,15925.333333333334,0.0,3,51650.0
57dbc7f1-ef9c-8f08-5ca3-148c520d5a2b,0,5,66195.0,11251.8,0.0,5,66195.0
582e981e-2ece-6283-2b74-7bf27c6e9d13,0,3,35707.0,10688.333333333334,0.0,3,35707.0
58701d28-2940-a07b-7518-1e1c33b29b55,1,18,269795.0,13462.833333333334,0.05555555555555555,18,263538.0
58a89a25-3c1a-7e78-6028-c325cc166631,0,3,33334.0,9149.666666666666,0.0,3,33334.0
5925134f-40a7-6834-930a-b8d6906bd2a4,0,5,83008.0,12298.833333333334,0.0,6,83008.0
5a1e4739-df51-1e97-95c7-31602fc06832,0,11,151856.0,12566.09090909091,0.0,11,151856.0
5a2fde5b-0c01-0558-afeb-6fa352e3bdfd,0,10,121526.0,10865.6,0.0,10,121526.0
5a4bd906-07d0-3c04-680d-6ee01f174660,1,27,397844.0,12829.74074074074,0.037037037037037035,27,389480.0
5a80d7c7-f736-71e2-8154-770f5bc72752,0,2,23634.0,9275.0,0.5,2,6300.0
5a97c1a1-f33d-ce97-6ee2-069836e0f76b,0,7,103726.0,13530.142857142857,0.0,7,103726.0
5b45a840-9d6c-242e-0e2f-2e2c972c2eec,1,13,343783.0,23061.071428571428,0.21428571428571427,14,261483.0
5b877322-cb93-1fa5-582e-70e68e8da09d,0,5,73887.0,12600.0,0.0,5,73887.0
5bc22736-48ba-1e67-b893-45609960e8b1,0,1,2250.0,0.0,1.0,1,0.0
5bd8ae9b-1819-e5c4-2504-df469edfcc55,0,3,40167.0,11116.333333333334,0.0,3,40167.0
5bfdb36e-3dfe-cc51-2b37-5094673895ff,0,7,87129.0,11203.0,0.0,7,87129.0
5c32363d-d034-c281-93e7-1ad6ad9e3d3f,0,3,47358.0,13500.0,0.0,3,47358.0
5c9e69c7-6528-6de9-79f4-aa4452386c89,0,5,60721.0,10530.0,0.0,5,60721.0
5d0395ee-8c95-ce87-f869-9d9b81271a8f,0,6,68680.0,10220.0,0.0,6,68680.0
5d08244b-3f0c-f87f-c74e-bb751caa431d,0,5,53833.0,8811.0,0.0,5,53833.0
5d4122d1-48a3-607c-cb72-e1956caece73,1,31,513855.0,14704.322580645161,0.0,31,513855.0
5d9f160c-84c3-60ba-d15a-813e4dcf1aa7,0,2,27123.0,12299.0,0.0,2,27123.0
5da1807e-9e71-dbce-ed22-53d6d2795850,0,2,18960.0,8267.0,0.0,2,18960.0
5e1193c6-eaf0-1424-7382-545bcbaa8d05,0,4,85524.0,18300.0,0.0,4,85524.0
5e6230b3-1a1f-21f4-c312-2a406e5e2503,0,1,2250.0,0.0,1.0,1,0.0
5e624b98-43a9-5e90-2d40-930d66aa9fe0,0,6,84321.0,12500.0,0.0,6,84321.0
5e6b35c4-2b97-ea86-e422-f03c332f74be,0,4,50308.0,10891.25,0.0,4,50308.0
5e901269-d116-cf62-7661-df859f5b02dc,0,13,211958.0,14538.461538461539,0.23076923076923078,13,157700.0
5f03c82f-1f66-e8cc-ef8c-7a8967e80f61,0,6,78795.0,11484.333333333334,0.0,6,78795.0
5f0f16ed-dd5a-936c-5dbc-f76aa297afd4,0,6,82140.0,11690.166666666666,0.0,6,82140.0
5fa2b264-379d-b6b2-9929-86237eb38f30,0,1,18871.0,18871.0,0.0,1,18871.0
5fb00f2d-8a0d-5260-0006-da9487a8268d,0,8,101108.0,11435.625,0.0,8,101108.0
5fb7dc72-3de7-40b1-17a4-11bb23d89ffb,0,1,13596.0,11346.0,0.0,1,13596.0
5fb8ae73-6c70-7eed-321e-dbbea89fc465,0,6,83667.0,12391.0,0.0,6,83667.0
5fb9159c-1228-3f59-ad1f-1177f3a9c9bd,0,6,82441.0,12452.333333333334,0.0,6,82441.0
5fee0a79-3970-704a-2332-f7c7598e86c1,1,21,318234.0,14205.761904761905,0.14285714285714285,21,271852.0
600cc763-14c9-1654-f163-e1a930d5f63d,0,4,61764.0,13654.0,0.0,4,61764.0
600de127-fe21-0be1-965b-3a54132e56da,0,5,66417.0,10403.2,0.0,5,66417.0
60164d2f-4db0-ba40-db9a-7f0847f7c40e,0,4,48918.0,10676.0,0.0,4,48918.0
60c74b02-d502-8692-0141-b1a796486a11,0,7,118305.0,14727.857142857143,0.14285714285714285,7,103547.0
60e2ef98-caa3-4a28-8c13-d9e6aa839b51,0,2,17043.0,6991.5,0.0,2,17043.0
61031b0a-ef18-26aa-64b7-d412d7b3d276,1,28,460668.0,14811.285714285714,0.10714285714285714,28,407523.0
6162731a-4a9c-e887-e586-1ea574985777,1,17,431135.0,20446.222222222223,0.05555555555555555,18,400185.0
616c273c-a62e-9167-fb58-9d009c849684,0,1,2718.0,468.0,1.0,1,0.0
617983c2-caec-9606-9cc4-d947ce911ac1,0,2,28090.0,12340.0,0.0,2,28090.0
618f174c-7c45-cb54-907b-cacc78483918,0,6,112669.0,17756.0,0.5,6,51179.0
61ba9d65-c5d2-97cc-0779-42a276357982,0,8,109455.0,12570.5,0.0,8,109455.0
61f80535-9bc2-b9b1-e66d-7a60fc42ddde,0,4,56379.0,12395.0,0.0,4,56379.0
621b7e15-9913-e7d4-4a3c-cb695db99c3c,0,7,98534.0,11578.0,0.0,7,98534.0
623531a9-cbf0-3887-51de-f6a7ce52c112,0,1,17750.0,15500.0,0.0,1,17750.0
6278bf1d-4c63-0c31-4fa1-7d452c7db010,0,10,109532.0,16133.333333333334,0.16666666666666666,6,90782.0
629517f3-fdb4-36cf-3727-4dc3c7735927,0,7,133422.0,17702.85714285714,0.0,7,133422.0
630c8120-bdbc-832c-24ca-aca9e6b49891,0,6,96225.0,14761.833333333334,0.5,6,44233.0
6339a6a8-e2b1-5f77-db99-1f7c2d1d1fd5,0,3,41947.0,12200.0,0.3333333333333333,3,36255.0
634f0dff-e041-6d9d-2689-4d33b6903f4f,0,3,31286.0,8363.333333333334,0.0,3,31286.0
6353c074-799c-5253-d673-577f581c8241,0,3,38037.0,11453.666666666666,0.0,3,38037.0
642a7fee-578b-5e34-ab94-e413d63cab33,0,2,29212.0,12283.5,0.5,2,14375.0
64522a2f-e322-156d-83e4-4bf354875642,0,14,184801.0,12063.714285714286,0.0,14,184801.0
6495c64a-347e-a2fb-4303-2b182f9760f4,0,3,34295.0,9900.0,0.0,3,34295.0
653f901f-7a5a-371a-28f4-83f99b031d66,0,5,65689.0,11644.6,0.0,5,65689.0
6542b72b-196a-4538-a690-2db7cc212936,1,13,219969.0,15346.153846153846,0.15384615384615385,13,181189.0
654e3ef6-911b-73eb-f126-8e10c6c771ab,0,2,26249.0,11999.5,0.0,2,26249.0
658ecc07-55bf-045e-6651-ef83f51cb80c,0,7,109617.0,13332.857142857143,0.0,7,109617.0
6620bab2-bd33-9de4-e7b0-0973b34aa64d,0,2,23409.0,9783.0,0.0,2,23409.0
66fbcb59-3d06-d8cc-b1d5-53f38a599207,1,19,270152.0,13394.736842105263,0.15789473684210525,19,224913.0
675d671b-b922-0d97-9c09-357c7a434808,0,11,195585.0,14336.083333333334,0.08333333333333333,12,171845.0
6770176e-5bc2-4e8a-aeaf-6a7249e266d6,0,2,23263.0,9656.0,0.5,2,13650.0
67807154-ef25-1968-49fd-cfe0fbdff7d4,0,9,127410.0,12619.111111111111,0.1111111111111111,9,116331.0
688246fa-51e4-45c3-175a-819fff63e96e,0,6,103876.0,15814.5,0.0,6,103876.0
688c1e87-509f-593b-edca-995f95bab660,0,5,93784.0,17000.0,0.0,5,93784.0
68d17cd9-4e55-2d10-2530-bfdb74057211,0,1,2250.0,0.0,1.0,1,0.0
6912f940-b40f-063a-99cc-154903028dfc,0,3,36798.0,7041.5,0.0,4,36798.0
69325d62-cbe6-f52d-842e-5299da24fbfc,0,6,110027.0,16149.666666666666,0.0,6,110027.0
696706c5-8895-a590-2abd-382e2668c391,0,4,48791.0,10632.75,0.0,4,48791.0
696a4512-7d08-4e23-a774-91ee1afc42d1,0,2,34116.0,15600.0,0.5,2,11700.0
698dc415-124e-9e2e-fe4b-5ecc04d61878,0,4,47887.0,10349.75,0.0,4,47887.0
69cdac2d-5b6b-b150-9404-e304648e9cd9,0,1,2250.0,0.0,1.0,1,0.0
69e2b5bf-d6ac-e96b-9557-8057f1373d98,0,14,132803.0,10898.90909090909,0.0,11,132803.0
6a27dbe8-a3ad-eec1-88f7-72d628418e27,0,8,94192.0,10895.0,0.0,8,94192.0
6a3afc7e-809a-8d2b-d9d4-ba5239f2ca99,0,1,2250.0,0.0,1.0,1,0.0
6ab14a0e-40b4-1e6b-a759-1f8531dd878a,0,1,2250.0,0.0,1.0,1,0.0
6abbb3fc-6494-f5ab-5af6-299b3ddb57ae,0,10,106118.0,13629.42857142857,0.14285714285714285,7,90368.0
6b09d039-cf8e-551f-8822-491aa1acd5b5,0,3,36445.0,10090.333333333334,0.0,3,36445.0
6b1b4605-9669-4c3b-6f7b-6a969ed41f8c,0,3,36220.0,10300.0,0.0,3,36220.0
6b375f30-5007-c0d9-cc9c-0e1b9351b491,0,5,64168.0,11370.0,0.0,5,64168.0
6b4a40d5-2eff-4bcc-9de7-8882d77546c0,0,2,27710.0,8005.333333333333,0.6666666666666666,3,9500.0
6bda2d75-ab17-0e53-b94f-c663a3609b6d,0,13,190888.0,13324.384615384615,0.0,13,190888.0
6c0320d8-817b-ea7e-4d60-48afb8d17cba,0,3,34838.0,9726.0,0.0,3,34838.0
6c765a9e-b1ea-4503-e5b7-24daca7c2614,0,4,83746.0,19464.5,0.0,4,83746.0
6c78f9e6-b789-715c-ae07-5efb33135406,0,2,27015.0,11724.5,0.0,2,27015.0
6c99dfb1-b264-def6-69ae-e4bfde80c152,0,1,21198.0,18300.0,0.0,1,21198.0
6ca6fa16-9fac-42b6-0359-fdf011761aeb,0,2,33406.0,13380.5,0.0,2,33406.0
6ce637bf-a5e4-da07-b2a7-e56253fe17bd,0,25,81092.0,8766.375,0.0,8,81092.0
6ce85c3e-5f40-4297-8c38-22ac7432420e,1,25,407944.0,14456.76,0.0,25,407944.0
6d60a9d5-34ce-4336-9c23-231057dffa71,0,2,29942.0,14208.5,0.5,2,12917.0
6dd50e39-9843-4442-cc09-3b49fbe97fb9,1,27,420650.0,14055.555555555555,0.1111111111111111,27,370505.0
6df42279-282f-e2ae-a821-304ef8c14cfe,1,18,357430.0,18267.88888888889,0.0,18,357430.0
6e68c959-3955-720c-2af7-0b2fa6f2cfe8,0,1,14250.0,12000.0,0.0,1,14250.0
6e70de8a-7b72-4a22-7398-844fbdb73884,0,3,35889.0,10446.333333333334,0.0,3,35889.0
6e78d4b6-a6fd-2857-0e43-fd3dd95ac5d5,0,14,186720.0,11761.92857142857,0.14285714285714285,14,169263.0
6e7c9f12-4ee2-b59f-9d83-86cac2cc52ae,0,7,39265.0,5266.666666666667,0.16666666666666666,6,37015.0
6e83fcb8-4992-041a-cc06-1dd780a369bd,1,16,224899.0,12902.1875,0.0,16,224899.0
6ea3368b-00ab-4626-a86f-7fcacb3e167e,0,2,28451.0,13433.5,0.5,2,11367.0
6ebbc5fb-6283-337b-eb0a-246593184d36,0,4,35716.0,7565.25,0.0,4,35716.0
6ed46439-2061-4e9a-22bf-09593c79f73c,0,2,28438.0,12340.0,0.0,2,28438.0
6edb3a2c-29f1-17db-4f91-9ab4b9cefcff,0,22,157781.0,13694.4,1.0,10,0.0
6f19846d-6fdd-fe63-60fa-9134b042e32e,0,1,25250.0,23000.0,0.0,1,25250.0
6f622055-47c5-9b2c-b332-2d5d01953e51,0,5,85088.0,13354.833333333334,0.3333333333333333,6,63613.0
704b2ffc-71fb-0cc0-ace8-74bcdfbe30b7,0,2,30228.0,13046.0,0.0,2,30228.0
706ec709-36e3-4de0-a55a-522efd0b3957,0,3,34651.0,9823.0,0.6666666666666666,3,3275.0
70739699-a260-006b-9007-7221efe1fe76,0,1,2250.0,0.0,1.0,1,0.0
7076f26b-5297-bb18-64d7-ba48dd2e64b2,0,3,33345.0,9200.0,0.0,3,33345.0
70945c9c-c8e9-8721-8ecf-dfdaf4a30fde,0,9,214190.0,22537.555555555555,0.0,9,214190.0
716b820e-fef7-dcf3-34be-914835261361,0,8,148429.0,17562.5,0.0,8,148429.0
719321da-14cc-c048-24a9-cc8d77783c52,1,14,195605.0,12821.42857142857,0.0,14,195605.0
7197747d-2eb4-4d33-7a0d-db6dec7ae3f6,0,4,42292.0,8457.25,0.0,4,42292.0
71a2b1e6-ae5d-01fe-6e96-34a5a7d646fa,0,6,75261.0,10500.0,0.16666666666666666,6,68438.0
71a9340d-9832-4609-a110-d9b5aaffc020,0,2,1291.0,483.5,0.5,2,967.0
71afee6b-f2ab-0218-c8a3-84b8ca8ed21f,0,3,39047.0,11537.666666666666,0.0,3,39047.0
71d0cea9-f852-7098-382e-1faeb96a5c43,0,2,18240.0,7875.0,0.0,2,18240.0
720a2f6c-96ce-3f42-8ec4-faec53d5a915,1,14,277687.0,18784.5,0.0,14,277687.0
72263e8d-e74c-b64e-af0c-e7f293e84d88,1,16,234939.0,12950.625,0.0,16,234939.0
723c7196-088f-8d67-4b5b-8ae0d1191ee2,0,4,51669.0,10967.75,0.0,4,51669.0
723e4719-99e5-42b4-8edb-c941d3ad5c93,0,2,17290.0,6750.0,0.0,2,17290.0
7282a267-9160-04c3-a636-0268501bdf4e,0,6,81133.0,12473.166666666666,0.0,6,81133.0
72ac33cc-b9b2-9cc4-47fd-d37096c8f30d,0,8,129040.0,15187.5,0.375,8,78442.0
72fb39cc-cecf-39cd-a55a-60d36a23f691,0,10,148707.0,12714.8,0.0,10,148707.0
733dd472-3b1e-dd43-76e5-082ddfe66c5b,0,13,209812.0,14923.076923076924,0.23076923076923078,13,158573.0
73715344-908a-b7fa-00cc-34358ffb16f0,0,7,114194.0,15000.0,0.42857142857142855,7,61835.0
739d70c1-409d-dba0-0566-781cf953032c,0,3,46388.0,13777.666666666666,0.0,3,46388.0
73af4715-f686-9041-f221-b819a410e674,0,2,31250.0,13420.0,0.0,2,31250.0
74425108-c069-c2a3-c3eb-b19cde49ac2a,0,6,72741.0,8713.42857142857,0.14285714285714285,7,67499.0
74c6b975-b0ab-c8b3-8acd-2cf53597a72b,1,28,414494.0,13626.75,0.0,28,414494.0
75090056-f130-0ab9-cfeb-6434cf4a11f8,0,2,20401.0,8940.5,0.0,2,20401.0
752aa71f-8b74-a2d8-0b6e-dd06a73bacf2,0,5,63121.0,11506.4,0.0,5,63121.0
76885280-8415-ddd3-8643-1ad02a61536e,0,1,19050.0,16800.0,0.0,1,19050.0
76a620a9-921f-b048-0a25-0636200165f2,0,1,2250.0,0.0,1.0,1,0.0
77135b7e-26be-57bb-f5a4-db9692d4200a,0,6,74315.0,10621.666666666666,0.0,6,74315.0
7759d3e9-fbe3-5386-b050-b4c7bbe1067f,0,6,70310.0,10106.833333333334,0.0,6,70310.0
77bef647-c1d3-a381-aa37-fc37c1e0d475,0,6,70163.67,10123.945,0.0,6,70163.67
77c9d770-e185-55dd-6d31-ec41e21560b8,0,3,35707.0,10688.333333333334,0.0,3,35707.0
77dd12b8-a20b-05c8-2372-79ba1b1624a9,1,26,415361.0,13990.384615384615,0.11538461538461539,26,364452.0
784b4f94-5ce8-8b6f-f109-d7279606a289,0,1,2250.0,0.0,1.0,1,0.0
78e008e5-2f71-784c-76a8-a0a232673851,0,5,52265.0,9105.4,0.0,5,52265.0
791c16c3-5afa-4081-a47c-53439979e5b3,0,4,39787.0,8262.5,0.75,4,1550.0
79942faa-d9c8-f124-aea4-e4fad7c15535,1,31,170833.81,11748.139230769231,0.07692307692307693,13,165532.0
79d4d3fe-73c5-a965-030f-c60220ee20cb,0,11,165126.0,12083.307692307691,0.38461538461538464,13,118140.0
79e31f6f-69dc-a40c-27d7-3f076878f83c,1,30,480963.0,14000.0,0.1,30,429235.0
79ec48b5-f6a4-f3d3-8cdc-3c18458f897c,0,3,45981.0,13433.333333333334,0.0,3,45981.0
7a041c76-24a2-f143-9974-18f1fe8e3a0c,0,3,41464.0,11333.666666666666,0.0,3,41464.0
7a946cb2-0ac5-1884-bc60-3dd95933b35b,0,2,41513.0,18500.0,0.0,2,41513.0
7aeb3b16-98e4-aafb-ad39-91e8834463ce,0,12,163482.0,12235.25,0.0,12,163482.0
7b3816fb-e731-23ef-ce25-57790ff57a7e,0,6,91340.0,13209.666666666666,0.0,6,91340.0
7b5542ef-2ad2-f5ca-fded-c1fc893bbfe7,0,2,15788.0,6479.0,0.0,2,15788.0
7b9b68d4-9d12-5e87-3823-d61bd7af09e6,0,2,28116.0,11800.0,0.0,2,28116.0
7bc24b46-8e86-3f4f-807b-7636f066ea21,0,5,61508.0,10662.8,0.0,5,61508.0
7be75b79-f4d2-a3ec-18cf-fb08513feeb7,0,7,90480.0,11371.42857142857,0.0,7,90480.0
7c09e849-092a-06e7-3628-565a641d9d87,0,6,77031.0,11209.0,0.0,6,77031.0
7c642b80-7d09-1c7a-601f-7af53d4fe9fa,0,2,22431.0,9530.5,0.0,2,22431.0
7d26a731-5027-abff-a77e-ce35303b21f6,0,5,83674.0,14654.8,0.0,5,83674.0
7d766bea-0596-a1f0-2bcc-3918799770c1,0,3,35505.0,10121.0,0.0,3,35505.0
7dadd1ae-944c-9af1-5289-cc4cc171a4dd,0,4,45282.0,9860.0,0.0,4,45282.0
7e2a1e58-e10a-4352-ca15-59fd22f2c07e,0,5,68772.0,12035.0,0.4,5,42223.0
7e34d667-038a-d9ba-a991-c75dc71723b1,0,1,17750.0,15500.0,0.0,1,17750.0
7fc83db5-3912-b8f1-9ba6-d797d9d1ae44,0,1,12393.0,10143.0,0.0,1,12393.0
7febe483-ed64-6c53-4d6b-21d2a35f8861,0,3,29895.0,8751.333333333334,0.3333333333333333,3,19875.0
808d9a2f-fe45-ff33-05d5-14fa8d3cb0f7,0,2,16718.0,7200.0,0.0,2,16718.0
80f5f1ce-7a41-4bcd-d79e-1c6780b6ef1d,0,7,89099.0,11494.285714285714,0.0,7,89099.0
8123af5e-305b-80f8-20db-4d54b7f628c7,0,10,154174.0,13704.8,0.3,10,102916.0
817885b1-e8ef-a791-bec7-aa90f3239fb2,0,1,16750.0,14500.0,0.0,1,16750.0
819ef17c-3cb6-3609-1b81-c1614886e82f,0,4,48942.0,10399.5,0.0,4,48942.0
81f2f896-343e-d20b-9964-56fe1a515cc4,1,30,626640.0,18850.0,0.0,30,626640.0
8208282e-43b7-930c-251f-223cdeecd947,0,13,186317.0,12862.76923076923,0.07692307692307693,13,182375.0
8249c165-f773-1f97-c726-784683d0effd,0,3,40673.0,10775.0,0.0,3,40673.0
82be44de-b1d6-4e48-e6bb-33ec98b83c7d,0,7,108812.0,15071.42857142857,0.42857142857142855,7,60496.0
82ce206e-2925-18f5-f18c-d80631a9964e,0,10,184899.0,16751.5,0.0,10,184899.0
82f8513a-db1e-fc1b-356a-e18639ab2a84,0,1,2250.0,0.0,0.0,1,2250.0
830c9580-658d-2fe6-9ce7-c95b69d6b654,0,4,54429.0,11547.5,0.25,4,40912.0
8312adc3-ca9c-bf87-0e30-9144f4319bdd,0,5,87429.0,15764.8,0.0,5,87429.0
8334eb99-0bc0-3c80-9ff8-83bea3d7b5ef,0,28,111821.0,11205.333333333334,0.3333333333333333,9,64943.0
833d6041-d882-c040-1f1d-fc45e7c0749d,0,2,28800.0,12600.0,0.0,2,28800.0
83af11b3-a274-7404-3265-ec658f74f8cf,0,28,139057.0,12350.0,0.3,10,89634.0
83e77e09-8761-048c-2985-307a257388f8,0,7,111645.0,14682.0,0.0,7,111645.0
83f51f9d-9d36-eda9-e7fb-5b1badbbd5d9,0,12,182990.0,14344.083333333334,0.25,12,134876.0
83fae6f1-bcd8-ae1d-3a10-eb20cd93b4bd,0,7,93808.0,11936.0,0.0,7,93808.0
8490df60-3137-5590-8517-f882a6cff021,0,5,77460.0,13243.2,0.0,5,77460.0
84c2199c-67b0-4d65-bf33-31f2a6ad244f,0,2,17000.0,4500.666666666667,0.6666666666666666,3,12567.0
8506a1fc-82d3-6a5c-c7c5-64702dd9ce92,0,3,42988.0,12566.666666666666,0.0,3,42988.0
854c86e3-8b7f-0ca8-f4ac-c6a073699611,1,22,472848.0,19340.909090909092,0.13636363636363635,22,406547.0
8550917f-04eb-f961-9e92-97c10f626201,0,2,18341.0,7109.5,0.0,2,18341.0
8557d3c7-d0ae-184b-d1e6-7e22e375cf32,0,4,42962.0,9007.0,0.0,4,42962.0
855f3f6a-72ae-46f4-4cc2-a9a0d5df5b70,1,34,526168.0,13736.470588235294,0.08823529411764706,34,475903.0
86cd2239-fa55-0389-437e-e8fd505dc931,1,19,507879.0,24683.315789473683,0.15789473684210525,19,423621.0
870773df-d2cd-018c-27cb-f18f53ad3f5e,0,3,31506.0,8850.0,0.0,3,31506.0
8709ca2e-a8a6-48a4-b8ce-e813c4796ab9,0,3,46307.0,7164.0,0.8333333333333334,6,6968.0
871465d8-763d-f593-3677-399c50f5ed41,0,3,45355.0,12500.0,0.0,3,45355.0
876bcc88-d210-8a14-5197-f2062208f7a3,1,31,378497.0,12096.357142857143,0.03571428571428571,28,361207.0
87a1e515-e2e0-110f-05d1-04f5a83c066a,0,6,96225.0,14761.833333333334,0.5,6,44233.0
87f78dfc-893b-67c1-a993-7f0f3f8826d0,0,8,100519.0,11145.625,0.0,8,100519.0
890b32d9-f754-8150-5a18-8a21fcdf3828,1,14,320534.0,19920.933333333334,0.2,15,240795.0
890d247c-e472-92eb-0db7-ca3bc375622c,1,14,203473.0,13732.142857142857,0.0,14,203473.0
8971261e-a813-477f-94c0-0a9661dc4c34,0,3,36808.0,11333.333333333334,0.6666666666666666,3,3000.0
8980f6d7-b1df-5646-4593-8af805c8f8cf,0,5,76883.0,14096.6,0.0,5,76883.0
8996897f-e383-4fca-87f9-654e1b14b3c2,0,3,37330.0,11833.333333333334,0.6666666666666666,3,4500.0
89d188b4-94a9-2f97-e068-155ed8ec3f5e,1,31,135994.0,12644.0,0.3,10,91024.0
89eff045-6e52-ec28-fed5-afecb6aac5a0,0,6,76896.0,11163.666666666666,0.0,6,76896.0
8a171f42-da8a-3943-6d3d-ebb007e65f3c,0,1,2250.0,0.0,1.0,1,0.0
8aacbc78-5e56-b3c0-f8bc-fcb5490b94f3,1,40,526040.0,13099.026315789473,0.07894736842105263,38,475505.0
8b018cc7-2387-99c8-5b29-d1ab1f7b635e,0,9,135146.0,13400.0,0.2222222222222222,9,110453.0
8b05e4ed-5b76-3815-5b67-78cbca3872f3,0,25,139222.0,9812.461538461539,0.15384615384615385,13,120754.0
8b48a426-b184-0a10-fdf3-c35622244b85,0,3,29150.0,8646.666666666666,0.0,3,29150.0
8b48adf3-c14a-fa6d-9785-b4bcb35f8fbb,0,13,204701.0,14140.23076923077,0.23076923076923078,13,153410.0
8b67f24e-8b2b-e5cf-aef4-9b084467aa37,0,11,147141.0,10740.0,0.08333333333333333,12,130865.0
8c10b5c6-4a40-f455-7732-69c9209c6107,0,6,91326.0,13142.333333333334,0.0,6,91326.0
8c6ffefc-6638-42ec-34e7-e8b0ac32b65e,0,11,161524.0,13186.363636363636,0.0,11,161524.0
8ca132f3-2df9-2565-e1a8-6e912fb635ba,1,14,200211.0,12785.714285714286,0.0,14,200211.0
8dc5530c-7db8-64af-b5d6-a3bc13615053,0,3,32774.0,8879.0,0.0,3,32774.0
8de23288-6ae9-0d8f-afad-302f3b66836e,0,3,34153.0,9821.666666666666,0.0,3,34153.0
8e125a87-1a3e-4b52-855b-635c06bafd87,0,3,41712.0,9000.0,1.0,4,0.0
8e39a9bd-3317-b2a6-22a6-16fa4cab9632,0,20,133876.0,15135.0,0.375,8,69130.0
8e5b1df4-6f06-639e-94b5-76610be144d1,0,2,18658.0,7774.0,0.0,2,18658.0
8e602e78-e72e-0b60-56a0-315fcf3a46ea,0,3,36059.0,10537.666666666666,0.0,3,36059.0
8f56f478-33ca-5786-0bcf-7c6240deb975,0,1,14850.0,12600.0,0.0,1,14850.0
8fd367e7-7404-4ef6-530b-a40219a48f1e,1,28,187866.0,11558.5,0.2857142857142857,14,134988.0
9144ef75-92d7-5536-2219-5449d9012112,0,5,73747.0,13325.8,0.0,5,73747.0
91790eb8-6491-6d23-ef11-754f8866657b,0,4,48524.0,10181.5,0.0,4,48524.0
918397ce-ad06-ebae-8990-f1b6d2224b4f,0,1,2250.0,0.0,0.0,1,2250.0
91a75af3-82d0-8cf8-3aab-ecbb3f6d94e5,0,2,48552.0,22500.0,0.0,2,48552.0
91d118b1-a54f-8461-fb1a-d9503d316725,0,14,98473.0,10769.5,0.125,8,81223.0
91f3e470-906b-8c51-276b-0edca0862f6e,0,5,52915.0,7207.0,0.5,6,44260.0
929ba837-271f-6434-c5bd-b4d03678ebf5,0,1,21250.0,19000.0,0.0,1,21250.0
92a15096-be1f-4189-9ea8-c333765d732a,0,3,36764.0,9665.666666666666,0.0,3,36764.0
92e5d758-7672-74d5-68d0-ccb89bd3c488,0,6,79358.0,11841.5,0.0,6,79358.0
938b7931-4bde-a083-d158-635a65e6da73,0,3,50478.0,15000.0,0.0,3,50478.0
93eb3d6a-d35b-ef1f-83b8-7430b6ad1674,1,28,420723.0,13955.357142857143,0.10714285714285714,28,373188.0
93ffab65-d88d-3bbd-9dba-fc0c764f42f4,0,3,42130.0,12236.666666666666,0.3333333333333333,3,25380.0
948e127e-1397-c348-126f-f92cf3d5f5ee,0,10,86151.0,12250.0,0.16666666666666666,6,71301.0
94927866-7ca0-4311-b799-972822792cb8,0,3,38428.0,10833.333333333334,0.6666666666666666,3,8000.0
94a44555-23ae-3135-5416-01dc72f3397c,0,3,48734.0,15000.0,0.0,3,48734.0
94b99812-1e90-d6ec-a150-8d329faa5731,0,7,99919.0,12471.0,0.0,7,99919.0
94d8e91a-a993-a7d2-cb96-181848f91c40,0,3,50238.0,14299.333333333334,0.0,3,50238.0
950dd22f-78fa-d205-48b3-fe5a5cc7438e,1,40,623967.0,14650.0,0.075,40,573768.0
9541a16d-d020-eb78-80f1-a4a2d4b7775f,0,7,174293.0,23972.285714285714,0.42857142857142855,7,93695.0
955a31f0-4ce6-e583-d7a5-2f685446c8d4,0,2,15984.0,6503.0,0.0,2,15984.0
9642c1f8-d11f-f110-37b7-9bbe04c84bad,0,1,2250.0,0.0,1.0,1,0.0
9653a402-ff75-bbdf-8cc6-1cb0ca01f233,1,22,332030.0,13667.136363636364,0.13636363636363635,22,282188.0
96eb765e-8626-caf6-aa02-fa3862c1f129,0,12,160603.0,11925.0,0.0,12,160603.0
9714e9c1-0eab-8c23-1dd7-2071a458be87,0,7,132543.0,12969.666666666666,0.1111111111111111,9,117883.0
9721fe81-75b8-a314-4319-a323cdd3423b,0,3,39548.0,8050.75,0.25,4,31946.0
97df6798-c997-e797-69e0-f9b4b90aa285,0,11,152419.0,13259.09090909091,0.0,11,152419.0
981819eb-5033-3aee-aa78-24c51405ba91,0,6,76155.0,10696.666666666666,0.0,6,76155.0
98237e16-b1dc-abe4-877b-80dda2679276,0,7,94071.0,11490.714285714286,0.0,7,94071.0
982397b8-b96b-4d87-eb8b-62916e148d45,0,9,143699.0,13050.0,0.2,10,124399.0
9831799d-558f-14e4-56d9-203d49083c38,0,5,64365.0,11662.0,0.0,5,64365.0
9842fbe1-4d57-13e7-6abf-aed2f18d4ca0,1,25,356216.0,12612.0,0.0,25,356216.0
98729b16-2b98-4a56-2857-48ff0b95b8b5,0,3,30932.0,8388.666666666666,0.0,3,30932.0
99cb0e3f-ce68-22de-40e4-438506e6b0c3,0,4,54472.0,11190.75,0.0,4,54472.0
9a65c3bf-a5bf-0de8-f36a-be067b91662a,0,4,67900.0,15241.75,0.0,4,67900.0
9a94c98b-55ed-adb4-87bf-7c9eaa99a84d,0,7,99474.0,10861.875,0.25,8,76538.0
9a9f0bbf-13e2-827f-16d1-fa0b3e63adef,0,5,63764.0,10322.6,0.0,5,63764.0
9aab8e6f-97e4-131f-c6cd-a91d11668656,1,19,396397.0,18825.157894736843,0.0,19,396397.0
9ac3331a-6738-8047-e8ca-91f09cac5444,0,2,30993.0,13600.0,0.0,2,30993.0
9ae383b9-ccda-bfb6-bef4-a764b043b8c9,0,7,104002.0,12862.857142857143,0.0,7,104002.0
9b39042f-8f31-8005-22b0-e41d8d856b61,0,1,2250.0,0.0,1.0,1,0.0
9b3925f8-4a9e-4735-7dbc-bf5a8dfff4d6,0,8,146960.0,17381.0,0.0,8,146960.0
9c76ccfc-5bd2-ff5f-f0b0-f35c349fd159,0,3,57065.0,17806.0,0.0,3,57065.0
9c88cc60-ea13-4dd1-9930-ca14ff0c6aa0,0,3,37363.0,10446.666666666666,0.6666666666666666,3,13565.0
9c916618-64b4-6c3e-0d5b-d33a42a6b966,1,15,213222.0,12338.666666666666,0.0,15,213222.0
9cb00f2a-555b-1a9a-dad9-b812feb2d454,0,6,76896.0,11163.666666666666,0.0,6,76896.0
9d222235-3774-2080-1ce8-b145e39f24cc,0,5,73747.0,13325.8,0.0,5,73747.0
9defe9e8-4059-ba6b-5abd-0d1304e73008,0,10,153999.0,11642.416666666666,0.16666666666666666,12,141170.0
9e188cc2-9f75-4d15-8fa3-9348236cae71,0,3,49111.0,14500.0,0.6666666666666666,3,14500.0
9e64e0fa-e34a-1c76-8e4a-1452643fab9a,1,15,224903.0,12537.066666666668,0.0,15,224903.0
9eb73523-a830-4796-9317-1a3f4e9e7254,0,1,14500.0,14500.0,0.0,1,14500.0
9f04d505-4407-bee3-3bb2-35e98846f5c0,0,5,63540.0,11590.6,0.0,5,63540.0
9f698289-30a8-e65b-7e90-9bae79935e70,0,1,16750.0,14500.0,0.0,1,16750.0
9f900469-9386-2160-8119-f92d41750c33,0,4,95933.0,22000.0,0.0,4,95933.0
9fb85705-b4f4-4da4-29f3-baa1722dc8e3,0,2,40468.0,18366.5,0.0,2,40468.0
a0a90727-0e65-186e-98c0-ce95599a6c6b,0,6,82646.0,12244.333333333334,0.0,6,82646.0
a1efb56f-59ef-8946-81e6-ff90741001d3,0,9,130013.0,12500.0,0.3333333333333333,9,87074.0
a21826f9-a253-e7a0-bffc-493527c0c27c,0,10,94737.0,13600.0,0.16666666666666666,6,78887.0
a267e3ee-ef69-4d54-8414-357c81b2eb3c,0,3,36500.0,7810.5,0.75,4,3742.0
a38721f4-003a-7262-22a7-44e0f2c0754d,1,24,330448.0,12437.5,0.0,24,330448.0
a3bd9264-4572-2548-a85d-c48e8880773b,0,7,84965.0,11297.0,0.0,7,84965.0
a444fc44-8bca-304d-6698-2eae9037323b,1,13,249054.0,17828.153846153848,0.07692307692307693,13,236645.0
a467df39-5ec5-465e-a471-e2b54be7bc71,0,3,43184.0,13500.0,1.0,3,0.0
a4709d2c-85e2-3d68-7467-1eaf879ba2c9,0,8,123113.0,14625.0,0.375,8,72578.0
a49b0cf0-1628-8e87-9dab-bcaadef590a2,0,7,90291.0,11358.42857142857,0.14285714285714285,7,80346.0
a49edc5e-14e1-73a9-9ebf-3d05c46e281b,0,1,2250.0,0.0,1.0,1,0.0
a4ad6467-4ec1-fa00-797a-7e2124bd00ab,0,3,27793.0,7955.666666666667,0.0,3,27793.0
a4ef95bf-1c7c-4c4d-0497-ae38085af6cc,0,5,99066.0,18871.0,0.6,5,36531.0
a4fda539-b878-9e2f-4784-30335f386517,0,2,16638.0,6750.0,0.5,2,11323.0
a6037691-771e-8146-3714-f9dedb8acbcc,0,5,71553.0,12942.0,0.6,5,23190.0
a61eb28c-5bcb-2c0e-6f0d-aea5a35e9f30,0,2,33410.0,14500.0,0.0,2,33410.0
a64019d6-e321-3cb8-e823-478ced6ff4c2,0,3,39265.0,11600.0,0.0,3,39265.0
a66a39a1-af53-6290-1e0b-7fc51cc20608,1,26,458747.0,14423.57142857143,0.03571428571428571,28,449099.0
a75fdceb-021a-cc46-3632-8d5369c5f2c6,1,21,287138.0,12502.7,0.0,20,287138.0
a7798da2-f8ee-1840-a1f3-f29a9e764b97,1,30,485056.0,14321.8,0.06666666666666667,30,455037.0
a7dadee2-80e3-eba0-084f-5f1847bb3aa4,0,6,147688.0,23526.833333333332,0.5,6,66396.0
a80f0ed1-4b00-bbc6-7203-370029c6bb04,0,2,28245.0,12750.0,0.0,2,28245.0
a83c1af9-decf-48ef-8576-c97d8b3ca11b,0,7,120176.0,16184.714285714286,0.0,7,120176.0
a8940edc-bbcb-7d7a-23c1-41287c12db28,0,5,85586.0,15218.6,0.0,5,85586.0
a974c0ea-b223-c4ff-2027-207ec4a462ac,1,30,542558.0,16500.8,0.0,30,542558.0
aa88d180-8c53-dbe4-70de-ecf38130d3ce,0,6,93474.0,14500.0,0.5,6,45484.0
ab4b64a7-4f08-89f7-9835-689b479f16bd,0,3,32985.0,9479.666666666666,0.0,3,32985.0
abc4e249-e040-54f4-f788-e29c570be329,0,2,30642.0,13500.0,0.0,2,30642.0
abd9f8e2-40f4-994c-f326-8ad6c939bb6a,0,4,91761.0,20859.75,0.0,4,91761.0
ac062de4-c552-a0d7-9cc1-cbfe89c2ba68,0,7,110923.0,13665.857142857143,0.0,7,110923.0
ac48f9eb-d29c-dce0-7bb2-14ddd6c76bc0,0,3,34753.0,10121.666666666666,0.0,3,34753.0
ac5ee6bc-de6f-6f5a-a196-731bff043dc7,1,17,346126.0,19088.235294117647,0.0,17,346126.0
ac851bed-41fc-0f41-cf0d-214d17cf53cd,0,6,79652.0,11285.5,0.0,6,79652.0
ad5e108b-2d8f-7295-b9d3-e331902dacbf,0,4,49485.0,10310.5,0.0,4,49485.0
ad9adfaa-1aec-67d1-114f-c61cdeb7d5ed,0,4,48964.0,10181.5,0.0,4,48964.0
ae17092b-b9b3-31a9-8d6a-555889000bbd,0,4,51085.0,10758.75,0.0,4,51085.0
ae55ee92-2de5-2688-0d4d-095d6b247552,0,5,69864.0,12900.0,0.0,5,69864.0
ae831e5f-7eb5-4d33-5db9-1d92cdf8f0b5,0,3,32995.0,9096.666666666666,0.0,3,32995.0
aea0c505-ca9a-a99f-af7c-e9e3ea95398d,0,1,2250.0,0.0,1.0,1,0.0
af0857ce-ea3c-abc6-df15-e8115d91ce57,0,1,2882.0,632.0,1.0,1,0.0
af12a12c-92bf-088b-3073-292fe4dfc478,1,15,313126.0,19332.2,0.2,15,247590.0
af16fe79-211b-993d-45cc-0c97af4a725c,0,4,71204.0,16012.0,0.0,4,71204.0
af844fa6-0ff0-03b9-9f0b-839af89c7687,0,6,71833.0,8607.42857142857,0.14285714285714285,7,66737.0
af8d560f-407a-4e9b-49e9-88f54d8671f4,0,11,164494.0,12352.083333333334,0.16666666666666666,12,131403.0
afc7dd85-8035-b725-9734-2527ae89eb52,0,3,50358.0,14500.0,0.0,3,50358.0
b0348aa8-ad9f-d0dd-94e8-c71a6627c930,1,19,284006.0,13394.736842105263,0.15789473684210525,19,238767.0
b03866a7-91d2-ce29-96d9-8eb7f5d38188,0,3,27518.0,7500.333333333333,0.0,3,27518.0
b04d5316-5ef3-474d-1b9a-63b703c6f903,0,1,2250.0,0.0,1.0,1,0.0
b0a6f0b5-9fd8-112e-2bfa-24fa8a25779b,1,16,259777.0,15376.5,0.1875,16,211461.0
b0bd49e2-15a2-6bf9-d720-02b08d119703,0,1,2250.0,0.0,1.0,1,0.0
b0d0445c-f096-76a5-fe2c-b1763bf811ae,0,5,77785.0,13600.0,0.0,5,77785.0
b0f4513c-d0e3-f732-fb01-058a0015bd98,0,10,92510.0,13296.333333333334,0.16666666666666666,6,76660.0
b111e4dd-be1d-2c79-3945-480547761b5f,1,35,494512.0,13776.633333333333,0.0,30,494512.0
b1678783-4859-d51d-472d-a0ee831b2dca,0,4,63500.0,13500.0,0.25,4,45115.0
b19dfc6c-a5d5-734c-3d3d-6389c281b3bb,1,27,454416.0,15055.555555555555,0.1111111111111111,27,401151.0
b1a4c558-761c-ebef-6d40-cddeefa29c16,0,7,83742.0,10702.142857142857,0.0,7,83742.0
b26425b9-c906-379a-5637-426b43a06a27,0,1,2250.0,0.0,1.0,1,0.0
b274d6e3-01a3-9f4e-b312-7088b787357d,0,13,177930.0,12462.846153846154,0.0,13,177930.0
b285539d-6e4c-f6f5-ee68-2dc683541067,0,7,93003.0,10356.625,0.0,8,93003.0
b2c95a31-a85f-5161-1831-d1b5844db7aa,0,4,46650.0,9795.75,0.0,4,46650.0
b2f85d5d-acf9-7c53-dc5b-0d3b67b462c5,0,5,120351.0,14258.166666666666,0.5,6,61462.0
b3002707-86e9-43d5-956d-cf108fb6a23f,0,4,50615.0,11479.25,0.75,4,2417.0
b31625ab-8292-0710-db3b-6fddb36a46a7,0,11,171846.0,14243.181818181818,0.0,11,171846.0
b31af44f-4ee2-0735-15ff-ed032255fcb8,0,1,2250.0,0.0,1.0,1,0.0
b350bfbd-5bbb-d523-c32f-5c5d2cc7e980,0,4,51676.0,10855.5,0.0,4,51676.0
b35ab73e-3dde-45c6-bbf4-e9866dddd420,0,6,84409.0,12161.166666666666,0.0,6,84409.0
b3a1f140-1cfd-8677-8554-de7aaea5a007,1,23,348600.0,13793.478260869566,0.0,23,348600.0
b486caa2-d587-60c7-5826-c8c735c85a9f,0,3,48281.01,9662.5025,0.25,4,46031.01
b4a50439-db13-dc26-d980-eb079b321460,0,11,179031.0,15453.0,0.2727272727272727,11,129649.0
b533de62-fd5f-cc73-01ad-82aaf5df2fd1,1,16,222955.0,12595.75,0.0625,16,217304.0
b6263381-5732-4544-952b-edde50fdfc28,0,3,34651.0,8855.0,0.6666666666666666,3,3484.0
b66b4f8d-d766-062b-7245-0434e16a513b,0,3,43558.0,13548.333333333334,0.3333333333333333,3,28645.0
b7b0287f-8a38-d2ed-e085-c949c20e0e63,0,3,36382.0,10837.333333333334,0.3333333333333333,3,27200.0
b85e5e22-b8bb-e217-167e-913ce5dc381e,0,5,70028.0,12535.6,0.0,5,70028.0
b865619d-9980-0806-c5b5-97fee058322e,1,24,507211.0,18655.875,0.0,24,507211.0
b86ea6a7-2dc1-fc5f-06b6-5c77b4d2cda9,0,6,88806.0,12500.0,0.0,6,88806.0
b9bd81f4-f07a-df06-c103-c4dbb5236184,0,5,49850.0,8732.0,0.0,5,49850.0
b9fa55c7-7e7e-997b-0a1f-de60452ef17e,0,9,125298.0,12574.888888888889,0.1111111111111111,9,113284.0
ba8dd5e0-ed0e-8b6a-7098-2732476feb31,1,28,420125.0,13267.857142857143,0.10714285714285714,28,372325.0
ba90613b-fe14-4fa4-d646-199878d3f058,0,4,72512.0,8896.285714285714,0.42857142857142855,7,63278.0
baa28bba-e050-958e-5006-4c833bb5d53a,0,7,102394.0,13035.857142857143,0.0,7,102394.0
bb36c2de-ac80-369b-bef1-b7a9025ad305,0,5,69864.0,12900.0,0.0,5,69864.0
bb91db20-f031-af83-8e52-9b613ace7567,0,13,208969.0,14500.0,0.15384615384615385,13,172189.0
bca70cc4-b2e4-ba57-6dee-d73dd559f02b,0,2,22481.0,9750.0,0.0,2,22481.0
bcac3c0b-dc94-d5ab-1463-d018a692a057,0,6,109361.0,16673.333333333332,0.16666666666666666,6,99457.0
bcf8ffc1-fd5c-f6ab-0453-7a73c73786dd,1,26,409581.0,14312.538461538461,0.11538461538461539,26,358342.0
bd04a926-a2e3-1aed-8a8a-1cd736cd0fcf,1,17,368840.0,20302.117647058825,0.11764705882352941,17,342344.0
bdc0ce78-4229-0817-69bf-519ad5936b8e,0,2,17725.0,7066.5,0.0,2,17725.0
bdcc24e3-6077-3ea9-b25e-2747d0f07be7,1,18,300196.0,14252.777777777777,0.16666666666666666,18,244844.0
be68c44d-d4d2-478a-7b1e-c9c3fefac406,0,14,200824.0,12760.714285714286,0.21428571428571427,14,154645.0
be84008a-74d3-3cc1-6fd6-bcef998f7bff,1,25,510429.0,18907.72,0.12,25,445984.0
be860990-c12b-3ed5-fe91-15d7502c3202,0,5,58500.0,10079.8,0.0,5,58500.0
be91915d-edd2-04f3-15af-9a0d8c70881a,0,2,41102.0,18871.0,0.0,2,41102.0
bedf1700-eff3-152d-874d-4c22af0d3a50,0,3,34039.0,6858.5,0.25,4,18163.0
bf46b9e6-83d0-c4a0-a0af-0a7effeaee30,1,28,411272.0,13066.25,0.0,28,411272.0
bff3673d-270f-8d85-4611-b0b373c8f463,0,3,29889.0,8070.333333333333,0.0,3,29889.0
c02eb961-2471-c285-9c28-fb9a12aaf70a,1,13,257414.0,15431.2,0.26666666666666666,15,172005.0
c040ac0e-eac1-be77-9995-440400f38112,0,1,2250.0,0.0,1.0,1,0.0
c055c921-1b29-17da-5613-cbd6eed1bbd9,0,1,2250.0,0.0,1.0,1,0.0
c0791d4c-9325-bf1b-30af-7af648c26338,0,7,63683.0,7692.142857142857,0.42857142857142855,7,34158.0
c084c357-8268-b2c6-76e0-aa7c5b28eace,0,9,110289.0,11293.444444444445,0.0,9,110289.0
c09e703c-d287-38c8-d1c1-239145e17df9,1,40,629354.0,14650.0,0.075,40,578062.0
c1113615-d2d6-1d6e-f618-c62e1d2af8de,0,3,34157.0,6858.5,0.25,4,19152.0
c16f5af8-a99c-38c5-d338-56aa819d37ed,0,2,32397.0,14500.0,0.0,2,32397.0
c1b076a8-104d-57e4-87e1-c00a30c21d29,0,8,115989.0,12500.0,0.125,8,98409.0
c1b3479a-b415-c370-ba7c-636b4f4c56d9,0,5,67854.0,11532.6,0.0,5,67854.0
c21c24b6-6314-72b2-9c69-3daac5113707,0,5,65445.0,11406.0,0.0,5,65445.0
c2329858-525d-2f70-5e31-bf9a8358eb3e,1,22,340075.0,14777.818181818182,0.13636363636363635,22,291759.0
c2a47446-fc24-56a5-c55c-fdb7f185dfd9,0,2,32101.0,14394.5,0.0,2,32101.0
c2c650bc-3218-4ed7-048a-d9caa70a346a,0,3,30495.0,8364.333333333334,0.0,3,30495.0
c2f58086-b0e6-4083-b634-acc444ebc69f,0,1,14500.0,14500.0,0.0,1,14500.0
c39e5b6a-5497-09b6-25cc-89f1ea8a608c,0,15,203083.0,10570.133333333333,0.26666666666666666,15,147466.0
c3c77367-5f51-f7a7-e667-0e3480f53751,0,7,105836.0,13831.857142857143,0.42857142857142855,7,56657.0
c49181cd-07c5-4c6a-a996-4146d002c886,0,3,43184.0,13500.0,0.6666666666666666,3,13500.0
c4d5918f-5589-5602-d4c2-795fbd3fc604,0,3,34397.0,9365.666666666666,0.0,3,34397.0
c511ac63-cb7e-1453-92d5-ea4ffba1c360,0,12,187070.0,13876.333333333334,0.25,12,136292.0
c54b5222-f7d9-ed70-424a-1c181544ce5d,0,2,20812.0,7459.5,0.0,2,20812.0
c5655e71-bfb1-46c8-d351-120a60cd046e,0,3,35592.0,9369.0,0.0,3,35592.0
c5f06080-0e56-7320-2b20-c475af283bb3,0,1,2250.0,0.0,1.0,1,0.0
c61d6da9-3c3c-ce83-9533-0da9eb03e275,1,15,262430.0,14730.5,0.0625,16,251107.0
c675e97a-0958-0695-90b3-49311eec8fd7,0,12,183756.0,14461.0,0.25,12,137374.0
c6f8f5a1-01e7-adae-881b-484cc1497fd2,0,1,2929.0,679.0,1.0,1,0.0
c6f97b1f-509b-72c2-abfe-04b7982c9734,0,4,60397.0,13087.5,0.0,4,60397.0
c7043cdc-7d93-631c-2d70-342c413fc747,0,4,62408.0,13530.5,0.0,4,62408.0
c7cacf8c-6f79-066f-0424-1a863731935b,0,8,111985.0,12632.875,0.0,8,111985.0
c7e6aeb2-e9e9-328e-5313-6707fdea4eaa,0,2,18119.0,5526.0,0.0,3,18119.0
c852dd54-9779-3528-3d0b-6a92cab8c45f,1,15,216053.0,12584.6,0.0,15,216053.0
c8d3d0a4-7be7-7922-51d3-002cbeee7cb3,0,5,71397.0,12364.0,0.0,5,71397.0
c8d49edd-16df-6c81-0fe2-b54f7584b15d,0,3,50358.0,14500.0,0.0,3,50358.0
c96cd80c-897a-0e58-3b1b-6a87b1da40da,0,3,44909.0,13183.666666666666,0.0,3,44909.0
c9947b7f-26c4-6957-80a1-91eb275ee523,0,3,56869.0,17365.666666666668,0.0,3,56869.0
ca5764bb-68cb-aca1-8368-dc3e80f681ac,1,17,249688.0,13357.64705882353,0.058823529411764705,17,234037.0
cb2574c2-6caf-4598-82dc-12b9569a6451,0,3,37363.0,10446.666666666666,0.6666666666666666,3,13565.0
cb8443a3-c0e0-a990-d5a9-1c6c1355505e,0,3,45116.0,13183.666666666666,0.0,3,45116.0
cbb740b5-9333-dfcd-1569-afb75eed1d47,0,2,26594.760000000002,11514.0,0.0,2,26594.760000000002
cbfa6def-a5a5-80c4-0e97-3d2fccd08a10,0,1,2250.0,0.0,1.0,1,0.0
cc165eb0-f3b5-d5c7-07ae-85ab0836cdcb,0,1,2250.0,0.0,1.0,1,0.0
cc559ab3-0859-6b34-259e-1f5c43be7139,0,5,116592.0,17872.5,0.16666666666666666,6,98116.0
ccb5dd5a-3f95-656e-d4c0-1fd7a104214b,0,3,35793.0,9899.666666666666,0.0,3,35793.0
cd2c3f97-4df7-b32f-d0c0-12031beae516,1,28,465658.0,15018.107142857143,0.10714285714285714,28,413427.0
cd6f2e1d-ebfa-5c22-75fe-90d15ebe9bc4,0,2,18658.0,7774.0,0.0,2,18658.0
cda37b51-1bbc-af0d-a560-49af88fdc751,1,24,341931.0,13445.304347826086,0.13043478260869565,23,292700.0
cdc99a6c-25e6-f636-8375-da373082ebe7,0,4,53982.0,12044.0,0.0,4,53982.0
cdfd7474-0325-1b45-657c-35abca5b28ee,1,12,232859.0,17921.25,0.0,12,232859.0
ceb95fcf-38e0-884a-7850-c0f5bb08a770,0,3,47358.0,13500.0,0.0,3,47358.0
cebf32f4-3855-47cb-849b-815d2a2b5228,0,2,17000.0,4500.666666666667,0.6666666666666666,3,12567.0
cef85e9f-dcf9-e367-fb81-417869b0ac20,0,5,65814.0,11770.8,0.0,5,65814.0
cf03689a-ac92-b1e5-ac2d-1ff7e9a25139,0,10,132501.0,11386.6,0.0,10,132501.0
cf113dbe-9b8a-ec33-b15d-119c190dfc67,0,7,101415.33,10967.25,0.25,8,70762.33
cf1318a5-0564-4af6-d90e-c3e76de1ef08,1,34,557132.0,14835.29411764706,0.08823529411764706,34,506006.0
cf43f50a-1df5-3da5-2096-799ba4c66f5c,0,5,65299.0,11217.8,0.0,5,65299.0
cfafc518-7e80-2226-59c0-7497a5140575,0,4,48523.0,11077.25,0.0,4,48523.0
d091c57d-1101-60f2-e6e8-e86eab6c6fe4,0,4,47305.0,7850.0,0.4,5,40685.0
d1175037-6e13-28f9-5de7-ea2186bbee4e,0,10,151009.0,13600.0,0.0,10,151009.0
d123a096-4929-ff8c-4efa-a8e4543d3da7,0,3,35661.0,10677.666666666666,0.0,3,35661.0
d138013a-97ca-4fa3-6f50-39e8a822c8f1,0,9,119236.0,11338.333333333334,0.0,9,119236.0
d167a28c-1755-6bbc-04ce-5bc1920c8322,0,11,144985.0,10777.833333333334,0.16666666666666666,12,122838.0
d178a884-0bd1-601d-4cd1-042bac71c6db,1,38,159227.0,12074.0,0.25,12,115084.0
d183c487-a155-2045-6e0b-01e2b99f1924,0,1,14850.0,12600.0,0.0,1,14850.0
d1e7314f-a799-1441-8adc-a48db20e93da,0,3,53565.0,16145.0,0.0,3,53565.0
d225973a-f437-d98e-4e24-0fb32a7bfbe8,0,9,148248.0,15040.777777777777,0.3333333333333333,9,93957.0
d2449d75-0593-4deb-a6c2-fae99fc83ab0,0,4,61929.0,13500.0,0.75,4,13500.0
d257c87f-0e42-048c-8409-362e925d86fc,1,28,743639.0,24384.5,0.14285714285714285,28,635947.0
d36a10b1-e5bf-77e8-47cd-09d2a24f67af,0,5,59982.0,10789.2,0.2,5,50971.0
d37a6d0e-0b11-f980-af8f-25a1b0f752d2,0,5,60721.0,10530.0,0.0,5,60721.0
d384f850-3505-dead-9bd0-72e7764a773a,0,1,2250.0,0.0,0.0,1,2250.0
d3bef05d-1db4-2516-4e44-0c1b2d5ab25f,0,3,37088.0,10500.0,0.0,3,37088.0
d4231568-0b79-6003-3437-f394f3701746,1,26,539518.0,18197.48148148148,0.1111111111111111,27,491752.0
d497808b-36e2-ea42-d247-85b4e409078c,0,12,193365.0,11700.0,0.26666666666666666,15,122791.0
d4a34184-ec1a-8b67-030d-6910715f4ccb,0,11,141772.0,18542.0,0.14285714285714285,7,112762.0
d51c2f8f-9df6-06cb-85f3-47a79b9d5006,0,7,123373.0,15521.57142857143,0.0,7,123373.0
d52f2683-73ba-0a33-f712-babc2e24aa8c,0,12,177102.0,12871.666666666666,0.0,12,177102.0
d58d1d2f-e65b-7705-8ac2-996da0cf28c4,0,10,161135.0,13389.3,0.0,10,161135.0
d5ca07a4-5a17-10e0-05b0-7004e41a6a57,0,1,2250.0,0.0,1.0,1,0.0
d6268133-5904-3e9a-6956-9493d2f78a1d,0,10,155752.0,12756.636363636364,0.18181818181818182,11,137657.0
d6399dd9-db95-454d-8705-856132cdb66b,0,1,16750.0,4833.333333333333,0.6666666666666666,3,14500.0
d670f263-891a-9a98-da07-a61063ab918b,0,3,44313.0,13088.333333333334,0.0,3,44313.0
d69476f4-ff97-e238-b732-85cc4b70703d,0,4,52996.0,7910.666666666667,0.3333333333333333,6,26670.0
d6d33436-345a-e39c-9f8d-91c76dca514e,0,12,178583.0,12571.692307692309,0.23076923076923078,13,132160.0
d6d6b302-4f36-4d0b-8751-2dceccd295bd,0,3,47290.0,10978.75,1.0,4,0.0
d751c131-c1c9-4f5c-88f8-7e4c6cb710b3,0,5,67308.0,10301.0,0.5,6,20238.0
d77b5c1e-605d-6795-5eee-1e2f9b83e069,0,12,197866.0,12964.285714285714,0.21428571428571427,14,145024.0
d7c0ea3c-0d4a-9c13-97f5-b8ec39339561,0,2,23465.0,7677.5,0.0,2,23465.0
d8535b5d-398f-153d-bb17-178c0cc090b1,0,4,63936.0,14032.25,0.0,4,63936.0
d8c4b3c5-9b2a-4c6e-b1e8-0a98c9175234,0,3,47169.0,14188.333333333334,0.6666666666666666,3,13565.0
d8db3cf0-9648-79e5-3438-714cc7a5ef7c,0,9,160233.0,16557.666666666668,0.0,9,160233.0
d93d9661-c38b-55ac-e5ac-93c052d45622,0,4,66974.0,15516.25,0.0,4,66974.0
d97ef4f9-a927-a7e9-03a3-fc84f79e19af,1,22,201720.0,10438.0,0.0,17,201720.0
d9974ff9-fd93-bc33-3ffc-1752ceb444ed,0,5,77023.0,11257.833333333334,0.16666666666666666,6,72154.0
d9a14e76-d095-e740-24f8-644f19314ae3,0,8,110357.0,10643.222222222223,0.0,9,110357.0
d9a74fa5-6394-f751-240a-2ff642673fc5,0,4,51734.0,11275.0,0.0,4,51734.0
dabf3ee7-61b9-6f77-6fd4-fc271e6fa397,0,6,84528.0,12500.0,0.16666666666666666,6,70416.0
dacc8116-ed0d-9081-8210-541c307d103d,0,9,124383.0,12088.888888888889,0.0,9,124383.0
daebf82e-6f02-d269-4f9f-109f5cc8af3c,1,15,193791.0,11993.266666666666,0.0,15,193791.0
dccaecac-4fb2-679f-3141-8a0f96b40469,0,4,45349.0,10035.75,0.0,4,45349.0
dd165d05-44b2-a5ca-b106-48f704eba330,0,7,103116.0,13528.142857142857,0.0,7,103116.0
dd2df257-3d61-a491-5af9-81f5c6e53864,0,3,32951.0,9450.0,0.0,3,32951.0
dd6b8e71-ee89-22aa-338c-04e964538126,0,3,45257.0,13292.666666666666,0.0,3,45257.0
dd81a269-5627-77bf-d8c4-d2e7d309f56e,1,24,339661.0,12935.833333333334,0.0,24,339661.0
dd8db936-b71f-0721-f5be-92548fd22a73,0,6,67568.0,9578.0,0.0,6,67568.0
ddc88c00-9718-c4df-3621-16a20097ed7b,0,6,127751.0,19866.333333333332,0.0,6,127751.0
dde712bc-18d1-2c03-f628-723fb5a59630,0,4,58266.0,13482.75,0.0,4,58266.0
de481a65-2fb4-4974-b7db-0ec990ea852d,0,3,36500.0,7810.5,0.75,4,3742.0
df5ea39c-c069-5211-271d-f0d3831adefa,1,40,608544.0,13625.0,0.075,40,555918.0
df6d6dde-434a-e10e-f646-fa8a40be56cc,0,2,17290.0,6750.0,0.0,2,17290.0
df9237a0-7748-6c00-38ec-c20e2533df48,0,4,54810.0,12285.0,0.0,4,54810.0
dfbec148-a191-0acf-4efe-188b07c973f6,0,5,63553.0,11172.0,1.0,5,0.0
dfdd63a9-90db-4da3-adb5-56c3c1a524e9,0,4,44909.0,9879.0,0.0,4,44909.0
dfe72882-2923-e759-ab37-45a4f6c5f1c7,0,3,38802.0,11645.0,0.0,3,38802.0
dfef2045-e5ea-4114-51ea-4e7e3a6ae11a,0,6,70088.0,9958.166666666666,0.0,6,70088.0
e0174322-3fb7-483f-91a0-61b903ae3e49,0,2,25934.0,12400.0,0.5,2,9300.0
e04a7b1e-bb22-2ccf-a342-9eea602847ff,0,7,103745.0,11312.5,0.0,8,103745.0
e05ca394-0bd7-4177-15e5-369f9309fe8e,0,1,2250.0,0.0,1.0,1,0.0
e093abe2-fae5-a599-2ee8-ce612d47e63e,0,10,161220.0,12772.727272727272,0.18181818181818182,11,141030.0
e09aed1a-8cfa-ef16-b7ca-1923a71e1ac3,0,5,74339.0,10556.666666666666,0.3333333333333333,6,50335.0
e10472f5-6434-2a96-6c28-13939f90427f,0,4,50531.0,11108.75,0.0,4,50531.0
e110dfeb-9c9e-94b6-2874-e7615a27c229,0,3,34291.0,9609.333333333334,0.0,3,34291.0
e17238d1-34ce-0cbb-4dc0-f65e60ff52f7,1,18,379555.0,19341.277777777777,0.16666666666666666,18,315563.0
e1b0693a-105d-db49-8722-6a8a1c87579d,0,3,43558.0,12871.0,0.0,3,43558.0
e22769e5-3081-9c29-6384-39a85772a7f7,0,5,66378.0,11592.0,0.0,5,66378.0
e233ae7e-605b-92bf-31a6-0378b74a09fd,0,3,33795.0,9639.0,0.0,3,33795.0
e2c9d409-9fea-34cd-765b-dec2b37b3aba,0,6,68598.0,9282.666666666666,0.0,6,68598.0
e2ee0891-8bc9-980a-ba57-b0a11ba15019,0,3,33740.0,7379.5,0.0,4,33740.0
e3f803e2-2b0c-0800-a35f-877305eb83f8,0,3,34217.0,9381.666666666666,0.0,3,34217.0
e426d68a-16d2-9097-ff7d-ae2521fb52e5,0,7,136674.0,18242.0,0.42857142857142855,7,78116.0
e42a35e1-fb1e-c1c2-3bbc-674788bfa890,1,15,196393.0,11993.266666666666,0.0,15,196393.0
e43d640c-3d0c-c63c-52af-626feca768b5,0,7,108653.0,13520.0,0.0,7,108653.0
e457493c-1fc6-a2cf-a2a6-22b48ef8706e,0,1,17750.0,15500.0,0.0,1,17750.0
e494eb69-def2-556d-3bb9-7c4124ed109e,0,3,42988.0,12566.666666666666,0.0,3,42988.0
e5126b64-8adb-18c4-b9c0-7fc75fc59023,0,5,108810.0,20066.0,0.0,5,108810.0
e51d0052-6144-0814-9748-12b1e6c3b68a,0,7,93518.0,10415.125,0.0,8,93518.0
e54f192a-b17b-11b9-0448-1cf4ecbe5f43,0,22,157781.0,13694.4,0.0,10,157781.0
e566d248-7676-7aad-d577-9319daac443c,0,6,90382.0,11274.285714285714,0.14285714285714285,7,73292.0
e5c21fd6-9050-36f3-6a9d-b692334639d4,0,4,63533.0,14361.0,0.0,4,63533.0
e69b34ab-6e43-6fed-502a-f581ffb05733,0,2,22106.0,9400.0,0.0,2,22106.0
e6dde6a9-4da9-d1a2-802a-faf5db207e8e,1,35,489951.0,12835.235294117647,0.08823529411764706,34,438229.0
e6fff812-92dc-e106-6456-730a1b010573,0,9,138794.0,13524.888888888889,0.0,9,138794.0
e819cbc9-d17a-0958-3768-54bad6ab7acc,0,4,48783.0,10694.0,0.0,4,48783.0
e8623393-ddec-fad5-91bf-c880b6345031,0,4,59892.0,13142.5,0.0,4,59892.0
e8ee9bd8-53dc-649e-6d1f-ff53229c46fd,0,3,52671.0,14777.333333333334,0.0,3,52671.0
e901a679-5642-95d9-c296-c0a073a8c3c9,0,3,39869.0,11333.666666666666,0.0,3,39869.0
e9288a28-7fca-78eb-cc7b-b2ff2160582b,0,7,116854.0,15179.714285714286,0.0,7,116854.0
e94688ff-4d3e-2e08-7391-f66b37848929,0,1,2250.0,0.0,1.0,1,0.0
e94dc9d5-cb52-49ec-80b1-98376aceb874,1,14,193506.0,13167.0,0.0,14,193506.0
e99afa10-6249-3f5b-4364-da75f89e34f9,0,6,85347.0,12774.166666666666,0.3333333333333333,6,52070.0
ea1c4226-abaa-0255-5077-503a78c3b2ff,0,13,172874.0,12144.692307692309,0.0,13,172874.0
ea212876-eba6-d61c-c7bd-3f55a704a453,0,2,18726.0,7250.0,0.0,2,18726.0
ea7863ad-a459-79f5-e28d-4311e51922c1,0,3,48734.0,15000.0,0.0,3,48734.0
eb57a7dd-c5a7-c09f-0cac-cbe60dc9fdef,0,2,27633.0,11492.5,0.0,2,27633.0
eb68cfc9-2205-ee07-0ad0-ae7c62ec1b3d,0,3,46992.0,13200.0,0.6666666666666666,3,23717.0
eb7de080-f310-4225-66d6-f15dc51fefcd,0,8,111763.0,11325.111111111111,0.2222222222222222,9,87134.0
eba53c6e-c7c3-1222-db79-ee8c10bdbd5d,0,3,32477.0,9305.666666666666,0.0,3,32477.0
ebbbcbff-9d93-b762-ce9f-7b0c19614274,0,15,135641.0,11561.2,1.0,10,0.0
ebe28f5b-3a82-1fc6-2144-62f991d00363,0,4,35716.0,7565.25,0.0,4,35716.0
ec6bd398-2413-2c67-18db-10bdd92ee4f9,1,14,368171.0,24650.0,0.21428571428571427,14,285026.0
ed0e80c8-52c7-1977-91c1-c22e879c6cb6,1,14,278685.0,18500.0,0.0,14,278685.0
ed39a8a9-4855-634a-3b2b-063622187757,0,10,127757.0,11500.0,0.0,10,127757.0
edee54e5-b970-ea10-551f-b156c26d8f0a,0,28,107788.0,11790.625,0.375,8,58003.0
ee4c9007-7674-8d77-244b-b681167c945d,0,7,103100.0,12548.285714285714,0.0,7,103100.0
ee61dd03-6eb9-0d71-8bf4-a01ac422b8be,0,13,171163.0,11980.76923076923,0.0,13,171163.0
ef5a90d6-7323-0d1e-1a6e-c7859259a1a0,0,11,151802.0,12544.0,0.0,11,151802.0
ef85cca0-602c-2f43-6640-044c533cbf5e,0,1,2250.0,0.0,1.0,1,0.0
f005cf0c-3af9-d63d-4ac7-a8200cd9cc33,0,9,144072.0,13611.111111111111,0.0,9,144072.0
f14efd99-a099-05e4-d7e5-4eb6b4dbd4d4,0,6,67516.0,9870.833333333334,0.0,6,67516.0
f15d8a38-9297-759e-500a-7a65371fd2c8,1,18,249862.0,11862.473684210527,0.10526315789473684,19,237808.0
f16a668c-ea8a-b26d-9dff-4da3c53fccc7,0,5,88942.0,15400.0,0.6,5,32891.0
f2764421-c336-0b17-7318-6908f1ce4a72,0,7,103100.0,12548.285714285714,0.0,7,103100.0
f284b25b-d762-1399-a12e-ba7ffa6b6f97,1,19,307237.0,15191.0,0.15789473684210525,19,257855.0
f295149c-bcb1-4d48-93ce-d2ea593d29c3,0,3,44128.0,12629.333333333334,0.6666666666666666,3,14033.0
f2a00e3d-de04-40a3-6f41-a3ebfcab4a3c,0,12,183488.0,14383.083333333334,0.25,12,135374.0
f2d14ca3-b37b-9e02-78c3-46a7603d8a6b,0,6,74312.0,10757.833333333334,0.16666666666666666,6,69129.0
f314b248-499b-0fe1-eb90-6a2940d95f0d,1,18,343376.0,15949.736842105263,0.21052631578947367,19,283406.0
f3632be3-2aed-8fc9-aaa9-86a05e199599,0,2,27781.0,12176.5,0.0,2,27781.0
f38ac232-fe6f-44f8-955c-18c46b4db738,0,2,34071.0,14500.0,1.0,2,0.0
f42b7fbf-db7b-5587-a226-6db4ec10361e,0,1,16267.0,14017.0,0.0,1,16267.0
f446fec2-fa90-7fab-9aee-46beda17b135,0,8,114836.39,12222.42375,0.0,8,114836.39
f4db5e33-d3d1-c088-34b8-a063d3245918,0,15,135641.0,11561.2,0.0,10,135641.0
f50bb3e2-c8d0-59ce-baaf-017ad9240186,0,3,34752.0,9966.666666666666,0.0,3,34752.0
f554ade4-2946-7db4-e90f-d619cc856308,0,8,69716.0,9758.833333333334,0.16666666666666666,6,67031.0
f5941657-44ee-cf7c-c636-1b9f5af485e0,0,1,2250.0,0.0,1.0,1,0.0
f59fa4ad-6dca-c7e7-d459-5326609a6412,0,6,87647.0,13562.5,0.5,6,36319.0
f6c5c3d2-ceda-6c7f-aa96-359c7dc9ee92,0,8,172865.0,19500.0,0.0,8,172865.0
f6ea69ff-f321-748e-c6cf-f5f97d352139,0,9,219182.0,22738.333333333332,0.0,9,219182.0
f70ae790-e17b-aca8-a21a-82ddd895450b,0,21,65843.29000000001,15774.8225,0.25,4,46217.29
f7290eb5-6a3b-08ae-b5f7-726d85027796,1,22,323368.0,12565.0,0.045454545454545456,22,307258.0
f7735958-63ae-2289-7af5-5c07b2f03e4b,0,2,29433.0,12915.5,0.0,2,29433.0
f77c1bcf-16d6-03e4-a541-7ee504583fa1,0,1,6024.0,3774.0,1.0,1,0.0
f79d879a-c8fc-fe8d-24d8-e6dd69a6157b,0,4,47025.0,9721.5,0.0,4,47025.0
f7b187b2-38ad-b545-9f12-f5a4274d3f6c,0,4,87207.0,20355.0,0.0,4,87207.0
f7b7f5b3-6e63-4ae3-8a79-515d431392fa,0,2,28194.0,8166.666666666667,1.0,3,0.0
f7d24c55-ed4d-270d-81fd-fb50566001d5,0,4,60034.0,10209.6,0.2,5,49866.0
f86287b5-4309-8135-37cc-77b6edad4fe0,0,6,71367.0,10574.833333333334,0.0,6,71367.0
f86e3390-1f72-a192-6cf5-5d5aa9979348,1,18,250667.0,12494.277777777777,0.0,18,250667.0
f8723af2-2adb-2870-b160-e1ad562524be,0,10,137095.0,10095.416666666666,0.16666666666666666,12,131084.0
f8947f30-bd4e-f7be-4881-92af32d0044b,0,8,111450.0,12500.0,0.0,8,111450.0
f9036b0b-f6ae-2444-5d3d-ac81e4964064,0,3,54891.0,16566.666666666668,0.0,3,54891.0
f91c2854-a88b-4630-b2a6-c48401e4dd14,0,3,48274.0,14887.333333333334,0.6666666666666666,3,5662.0
f98f60f3-2029-dee7-bf7e-9f65e605f203,0,7,101895.0,11957.142857142857,0.42857142857142855,7,59127.0
f9e5a9a2-c104-83c6-c74c-f1bf39a7efc9,0,4,47543.0,10379.0,0.0,4,47543.0
f9eb9b23-5f60-4ec4-b990-8313323bb759,0,4,63005.0,14016.75,0.75,4,12567.0
fa05c958-760e-9f6b-3a86-aab8ce4195a6,0,2,27874.0,12200.0,0.0,2,27874.0
fa32b34b-dd5b-004f-7cae-9afd4bd3aa20,0,1,16750.0,14500.0,0.0,1,16750.0
fb95c8f3-ccfe-5bd5-988d-238324462ce6,0,2,33430.0,13600.0,0.0,2,33430.0
fc3a7af3-d462-ffa0-bf10-348fe7f764f5,0,3,42242.0,11903.333333333334,0.0,3,42242.0
fc8a412e-e0d4-35e1-37fa-5f798b7dc7f4,1,13,221969.0,15500.0,0.15384615384615385,13,183189.0
fcf55d01-89b8-f6a7-e2d0-a30606155613,0,3,32380.0,9171.666666666666,0.0,3,32380.0
fd1d6483-722f-9ff9-67bd-a98f7e3f42af,0,7,102317.0,13281.0,0.0,7,102317.0
fdf8832c-e820-f199-63da-f0f8157627db,0,6,138914.0,21524.166666666668,0.0,6,138914.0
fede9d18-47bd-03b2-a0a3-73ae43fbcf88,0,12,167974.0,12532.166666666666,0.0,12,167974.0
ff599da3-a232-88cd-a736-580dfaec6522,0,7,91270.0,11700.0,0.0,7,91270.0
ff6404e4-c757-df50-27ad-b0185fb6159f,1,17,319370.0,17542.58823529412,0.0,17,319370.0
ff80850b-f765-b3a1-58f3-071b7cf1a705,0,5,81387.0,14841.6,0.0,5,81387.0
ff962267-267c-16aa-46fe-20a2ee81869f,0,5,66283.0,11665.4,0.0,5,66283.0
